,,accuracy_score,f1_micro,f1_macro,fit time,test time,train_size,dataset,model
Heterogeneous Attention,0,0.9258734655335222,0.9258734655335222,0.9270123596449711,11.786216974258423,1.0079751014709473,0.3,ACM,Heterogeneous Attention
Heterogeneous Attention,1,0.9287063267233239,0.9287063267233239,0.9294400733025486,8.706306219100952,0.9681839942932129,0.3,ACM,Heterogeneous Attention
Heterogeneous Attention,2,0.9225684608120869,0.9225684608120869,0.9226984729961574,18.602712392807007,1.0694644451141357,0.3,ACM,Heterogeneous Attention
Heterogeneous Attention,3,0.9282341831916903,0.9282341831916903,0.9285740873194627,8.978171348571777,0.9830465316772461,0.3,ACM,Heterogeneous Attention
Heterogeneous Attention,4,0.9315391879131256,0.9315391879131256,0.9318773198078455,21.292433977127075,0.9589323997497559,0.3,ACM,Heterogeneous Attention
Heterogeneous Attention,5,0.9249291784702549,0.9249291784702549,0.925569306223128,20.720807552337646,0.9754123687744141,0.3,ACM,Heterogeneous Attention
Heterogeneous Attention,6,0.9291784702549575,0.9291784702549575,0.9296856881966707,20.644073009490967,1.1310617923736572,0.3,ACM,Heterogeneous Attention
Heterogeneous Attention,7,0.9254013220018886,0.9254013220018886,0.9255846823834254,11.446865558624268,1.047947883605957,0.3,ACM,Heterogeneous Attention
Heterogeneous Attention,8,0.9206798866855525,0.9206798866855523,0.9216183829787435,21.057458877563477,1.1011273860931396,0.3,ACM,Heterogeneous Attention
Heterogeneous Attention,9,0.9235127478753541,0.9235127478753541,0.9235510611422999,21.112024307250977,1.162524700164795,0.3,ACM,Heterogeneous Attention
Heterogeneous Attention,0,0.3269831355402873,0.6767676767676768,0.631794037488712,4.596101999282837,0.05822253227233887,0.3,IMDb,Heterogeneous Attention
Heterogeneous Attention,1,0.311367895065584,0.670692583506322,0.6207144575763203,3.164537191390991,0.07515478134155273,0.3,IMDb,Heterogeneous Attention
Heterogeneous Attention,2,0.31667707682698315,0.6616958225791032,0.6210271028569726,3.415935754776001,0.0593111515045166,0.3,IMDb,Heterogeneous Attention
Heterogeneous Attention,3,0.32760774515927543,0.6889908256880735,0.6526866309474719,3.449399948120117,0.055086374282836914,0.3,IMDb,Heterogeneous Attention
Heterogeneous Attention,4,0.3244846970643348,0.6870016688299647,0.6424745020831919,3.5440454483032227,0.05774641036987305,0.3,IMDb,Heterogeneous Attention
Heterogeneous Attention,5,0.3360399750156152,0.6935217471095614,0.6590877607835239,3.2857091426849365,0.0706779956817627,0.3,IMDb,Heterogeneous Attention
Heterogeneous Attention,6,0.32823235477826357,0.6921096192753357,0.6536828828961428,3.8057024478912354,0.06127166748046875,0.3,IMDb,Heterogeneous Attention
Heterogeneous Attention,7,0.3173016864459713,0.6810881069538576,0.6456617169518338,3.7466344833374023,0.05612325668334961,0.3,IMDb,Heterogeneous Attention
Heterogeneous Attention,8,0.33041848844472205,0.6773102930127725,0.633769422075001,2.96036958694458,0.059438467025756836,0.3,IMDb,Heterogeneous Attention
Heterogeneous Attention,9,0.31917551530293564,0.669665071770335,0.6151386368925664,3.8050410747528076,0.05474591255187988,0.3,IMDb,Heterogeneous Attention
Heterogeneous Attention,0,0.9338028169014084,0.9338028169014084,0.9299757991447599,30.132224798202515,4.018568277359009,0.3,DBLP,Heterogeneous Attention
Heterogeneous Attention,1,0.9373239436619718,0.9373239436619718,0.9327949901550098,17.086711168289185,4.17790675163269,0.3,DBLP,Heterogeneous Attention
Heterogeneous Attention,2,0.9338028169014084,0.9338028169014084,0.929306353441071,26.58607506752014,4.2461302280426025,0.3,DBLP,Heterogeneous Attention
Heterogeneous Attention,3,0.9320422535211268,0.9320422535211268,0.9274416197486408,30.527709007263184,4.140552997589111,0.3,DBLP,Heterogeneous Attention
Heterogeneous Attention,4,0.9320422535211268,0.9320422535211268,0.9280074279574182,30.360052824020386,4.043314218521118,0.3,DBLP,Heterogeneous Attention
Heterogeneous Attention,5,0.9264084507042254,0.9264084507042254,0.9193397406355808,30.200954914093018,4.085211277008057,0.3,DBLP,Heterogeneous Attention
Heterogeneous Attention,6,0.9366197183098591,0.9366197183098592,0.9314988343653965,18.89976739883423,4.08126425743103,0.3,DBLP,Heterogeneous Attention
Heterogeneous Attention,7,0.930281690140845,0.930281690140845,0.9260098177699769,30.211824893951416,4.069067478179932,0.3,DBLP,Heterogeneous Attention
Heterogeneous Attention,8,0.9387323943661972,0.9387323943661972,0.9344343054846921,27.39232587814331,4.073523759841919,0.3,DBLP,Heterogeneous Attention
Heterogeneous Attention,9,0.9369718309859155,0.9369718309859155,0.9321426564579709,17.550384521484375,4.082758665084839,0.3,DBLP,Heterogeneous Attention
Homogeneous GAT,0,0.9055712936732767,0.9055712936732767,0.9057131311690897,7.910123348236084,0.04081463813781738,0.3,ACM,Homogeneous GAT
Homogeneous GAT,1,0.8918791312559018,0.8918791312559018,0.8921037902133985,12.433600187301636,0.04600071907043457,0.3,ACM,Homogeneous GAT
Homogeneous GAT,2,0.8621340887629839,0.8621340887629839,0.8643291360248245,9.445151805877686,0.04587149620056152,0.3,ACM,Homogeneous GAT
Homogeneous GAT,3,0.8885741265344664,0.8885741265344664,0.8899834741263232,17.03539228439331,0.05679035186767578,0.3,ACM,Homogeneous GAT
Homogeneous GAT,4,0.8909348441926346,0.8909348441926346,0.8923757802629816,11.046415567398071,0.04492950439453125,0.3,ACM,Homogeneous GAT
Homogeneous GAT,5,0.8970727101038716,0.8970727101038715,0.8980924635958569,13.068543672561646,0.045529842376708984,0.3,ACM,Homogeneous GAT
Homogeneous GAT,6,0.8961284230406044,0.8961284230406044,0.8962980455427513,11.75381350517273,0.04560995101928711,0.3,ACM,Homogeneous GAT
Homogeneous GAT,7,0.9112370160528801,0.9112370160528801,0.9121592901608772,13.035773038864136,0.04581928253173828,0.3,ACM,Homogeneous GAT
Homogeneous GAT,8,0.8961284230406044,0.8961284230406044,0.8967770539886089,13.558047533035278,0.045040130615234375,0.3,ACM,Homogeneous GAT
Homogeneous GAT,9,0.8692162417374882,0.8692162417374882,0.8692843430948166,11.15547800064087,0.04702901840209961,0.3,ACM,Homogeneous GAT
Homogeneous GAT,0,0.30824484697064336,0.6454509177972866,0.5698288989356473,6.1382997035980225,0.03618001937866211,0.3,IMDb,Homogeneous GAT
Homogeneous GAT,1,0.2860712054965647,0.6328837762792543,0.5554064684126093,4.018543481826782,0.035727500915527344,0.3,IMDb,Homogeneous GAT
Homogeneous GAT,2,0.29512804497189254,0.6178149205055035,0.5442080786292197,5.383795261383057,0.035172462463378906,0.3,IMDb,Homogeneous GAT
Homogeneous GAT,3,0.29887570268582137,0.6403844267921938,0.5868725565218575,4.865124225616455,0.03561091423034668,0.3,IMDb,Homogeneous GAT
Homogeneous GAT,4,0.2954403497813866,0.6350644122383253,0.5588085037272892,5.367134094238281,0.03532266616821289,0.3,IMDb,Homogeneous GAT
Homogeneous GAT,5,0.3048094940662086,0.6291155911255192,0.5502980256777484,5.819850206375122,0.03539323806762695,0.3,IMDb,Homogeneous GAT
Homogeneous GAT,6,0.3269831355402873,0.6594466870138821,0.6032728095295066,5.250089168548584,0.03525805473327637,0.3,IMDb,Homogeneous GAT
Homogeneous GAT,7,0.2957526545908807,0.6424134871339839,0.5905711816514644,5.4300923347473145,0.03518080711364746,0.3,IMDb,Homogeneous GAT
Homogeneous GAT,8,0.30418488444722047,0.6364643108829156,0.5663825317484763,7.336662292480469,0.03488922119140625,0.3,IMDb,Homogeneous GAT
Homogeneous GAT,9,0.2820112429731418,0.606663872590109,0.5144137363198412,5.220446825027466,0.05013585090637207,0.3,IMDb,Homogeneous GAT
Homogeneous GAT,0,0.8190140845070423,0.8190140845070423,0.8108130207226227,10.586764574050903,0.048902034759521484,0.3,DBLP,Homogeneous GAT
Homogeneous GAT,1,0.8098591549295775,0.8098591549295775,0.8035827060842872,9.437803983688354,0.04684185981750488,0.3,DBLP,Homogeneous GAT
Homogeneous GAT,2,0.7971830985915493,0.7971830985915493,0.7911666423526316,11.447732925415039,0.049433231353759766,0.3,DBLP,Homogeneous GAT
Homogeneous GAT,3,0.8204225352112676,0.8204225352112676,0.812440042580424,14.79853081703186,0.08832716941833496,0.3,DBLP,Homogeneous GAT
Homogeneous GAT,4,0.8179577464788732,0.8179577464788733,0.811112230498485,12.145124912261963,0.05277872085571289,0.3,DBLP,Homogeneous GAT
Homogeneous GAT,5,0.8126760563380282,0.8126760563380282,0.805491559837021,14.694390058517456,0.04684948921203613,0.3,DBLP,Homogeneous GAT
Homogeneous GAT,6,0.8147887323943662,0.8147887323943661,0.80872861561057,9.055230140686035,0.04880332946777344,0.3,DBLP,Homogeneous GAT
Homogeneous GAT,7,0.8105633802816902,0.8105633802816902,0.8014025391712989,7.092782735824585,0.04627633094787598,0.3,DBLP,Homogeneous GAT
Homogeneous GAT,8,0.8123239436619718,0.8123239436619718,0.8060396302729003,13.850423812866211,0.04780173301696777,0.3,DBLP,Homogeneous GAT
Homogeneous GAT,9,0.8137323943661972,0.8137323943661972,0.8035275770829384,7.038260221481323,0.08693885803222656,0.3,DBLP,Homogeneous GAT
Homogeneous GCN,180,0.8701605288007555,0.8701605288007555,0.869614441059044,13.60790753364563,0.0375912189483642,0.3,ACM,Homogeneous GCN
Homogeneous GCN,181,0.8668555240793201,0.8668555240793201,0.8661318792204321,9.752676010131836,0.0332198143005371,0.3,ACM,Homogeneous GCN
Homogeneous GCN,182,0.8701605288007555,0.8701605288007555,0.8705680767853354,9.917660236358644,0.044346809387207,0.3,ACM,Homogeneous GCN
Homogeneous GCN,183,0.8489140698772427,0.8489140698772427,0.8487984472379755,9.960048198699951,0.0344886779785156,0.3,ACM,Homogeneous GCN
Homogeneous GCN,184,0.8578847969782813,0.8578847969782812,0.8575655879456665,9.885952472686768,0.0430688858032226,0.3,ACM,Homogeneous GCN
Homogeneous GCN,185,0.8644948064211521,0.8644948064211521,0.864614945957844,9.845794677734377,0.0351130962371826,0.3,ACM,Homogeneous GCN
Homogeneous GCN,186,0.8720491029272899,0.8720491029272898,0.8720793522416957,9.85993480682373,0.0410988330841064,0.3,ACM,Homogeneous GCN
Homogeneous GCN,187,0.8720491029272899,0.8720491029272898,0.8715134169415082,9.859071016311646,0.0333828926086425,0.3,ACM,Homogeneous GCN
Homogeneous GCN,188,0.8621340887629839,0.8621340887629839,0.8626455176071595,10.061466693878174,0.0432307720184326,0.3,ACM,Homogeneous GCN
Homogeneous GCN,189,0.8640226628895185,0.8640226628895185,0.864044968484079,9.928078413009644,0.0341551303863525,0.3,ACM,Homogeneous GCN
Homogeneous GCN,190,0.8737607402511567,0.8737607402511567,0.8731325173259088,9.779598951339722,0.0325956344604492,0.5,ACM,Homogeneous GCN
Homogeneous GCN,191,0.88433575677462,0.8843357567746198,0.8842457553925508,9.425390481948853,0.0371739864349365,0.5,ACM,Homogeneous GCN
Homogeneous GCN,192,0.88433575677462,0.8843357567746198,0.884462332973984,9.70748734474182,0.0402724742889404,0.5,ACM,Homogeneous GCN
Homogeneous GCN,193,0.8671513549239921,0.8671513549239921,0.8657226962549119,9.571932077407835,0.0338900089263916,0.5,ACM,Homogeneous GCN
Homogeneous GCN,194,0.8830138797091871,0.8830138797091871,0.8839155554309608,9.626745700836182,0.0355379581451416,0.5,ACM,Homogeneous GCN
Homogeneous GCN,195,0.8849966953073364,0.8849966953073363,0.8856216042954626,9.562188386917114,0.0435285568237304,0.5,ACM,Homogeneous GCN
Homogeneous GCN,196,0.8816920026437541,0.8816920026437541,0.8825227660087599,9.70233416557312,0.0324265956878662,0.5,ACM,Homogeneous GCN
Homogeneous GCN,197,0.8816920026437541,0.8816920026437541,0.8821621019929685,9.678284168243408,0.0339455604553222,0.5,ACM,Homogeneous GCN
Homogeneous GCN,198,0.88433575677462,0.8843357567746198,0.8844633721257097,9.906522035598757,0.0335350036621093,0.5,ACM,Homogeneous GCN
Homogeneous GCN,199,0.8711169861202908,0.8711169861202908,0.8718192585215832,9.931881189346312,0.0334792137145996,0.5,ACM,Homogeneous GCN
Homogeneous GCN,200,0.8942731277533039,0.8942731277533039,0.8939056184036104,9.846016883850098,0.0410583019256591,0.7,ACM,Homogeneous GCN
Homogeneous GCN,201,0.8810572687224669,0.8810572687224669,0.8812477739443932,10.13834834098816,0.0347688198089599,0.7,ACM,Homogeneous GCN
Homogeneous GCN,202,0.8843612334801763,0.8843612334801763,0.8848180986717472,10.132935285568236,0.0319843292236328,0.7,ACM,Homogeneous GCN
Homogeneous GCN,203,0.8733480176211453,0.8733480176211452,0.8733086834766297,9.900845050811768,0.0325458049774169,0.7,ACM,Homogeneous GCN
Homogeneous GCN,204,0.8744493392070485,0.8744493392070485,0.8753784241336326,10.065292358398438,0.0366904735565185,0.7,ACM,Homogeneous GCN
Homogeneous GCN,205,0.8744493392070485,0.8744493392070485,0.8745259310360645,10.050954341888428,0.0406050682067871,0.7,ACM,Homogeneous GCN
Homogeneous GCN,206,0.8788546255506607,0.8788546255506607,0.8795088168367817,10.139699697494509,0.0327975749969482,0.7,ACM,Homogeneous GCN
Homogeneous GCN,207,0.8843612334801763,0.8843612334801763,0.8839870735454252,10.26236343383789,0.0337576866149902,0.7,ACM,Homogeneous GCN
Homogeneous GCN,208,0.8909691629955947,0.8909691629955948,0.8907253314036567,10.179914236068726,0.0581638813018798,0.7,ACM,Homogeneous GCN
Homogeneous GCN,209,0.8766519823788547,0.8766519823788547,0.8768949834503091,10.040863275527954,0.0567982196807861,0.7,ACM,Homogeneous GCN
Homogeneous GCN,210,0.2782635852592129,0.6401082962676465,0.5744848471963102,7.743456840515137,0.0481870174407959,0.3,IMDb,Homogeneous GCN
Homogeneous GCN,211,0.3082448469706433,0.6459493794586143,0.5882268265031692,5.308257579803467,0.0553724765777587,0.3,IMDb,Homogeneous GCN
Homogeneous GCN,212,0.3085571517801374,0.6478818874843193,0.5979783034074304,5.057114124298096,0.0756590366363525,0.3,IMDb,Homogeneous GCN
Homogeneous GCN,213,0.306683322923173,0.6359046849757674,0.5798252014561873,5.329071283340454,0.0729851722717285,0.3,IMDb,Homogeneous GCN
Homogeneous GCN,214,0.2838850718301062,0.6338098570428872,0.5514469090360341,5.69804573059082,0.0750336647033691,0.3,IMDb,Homogeneous GCN
Homogeneous GCN,215,0.320737039350406,0.6613756613756613,0.6078360173743313,5.621082544326782,0.0743522644042968,0.3,IMDb,Homogeneous GCN
Homogeneous GCN,216,0.3151155527795128,0.6428935303107489,0.5630089731235547,6.787607431411743,0.0710153579711914,0.3,IMDb,Homogeneous GCN
Homogeneous GCN,217,0.2910680824484697,0.6389361063893612,0.5749392512529028,5.56749701499939,0.0753087997436523,0.3,IMDb,Homogeneous GCN
Homogeneous GCN,218,0.3013741411617739,0.6492319657787283,0.5908920831841334,6.755566835403442,0.0693805217742919,0.3,IMDb,Homogeneous GCN
Homogeneous GCN,219,0.2767020612117427,0.6156060450292999,0.5270059838847831,7.009137868881226,0.0725734233856201,0.3,IMDb,Homogeneous GCN
Homogeneous GCN,220,0.3314385658067337,0.6810927779280498,0.6363682814308063,6.405905246734619,0.065842866897583,0.5,IMDb,Homogeneous GCN
Homogeneous GCN,221,0.3336248360297332,0.6682084070194532,0.6158265298215423,7.611179351806641,0.0786390304565429,0.5,IMDb,Homogeneous GCN
Homogeneous GCN,222,0.3257542632269348,0.6662134602311353,0.6138023242130186,7.454200744628906,0.0769202709197998,0.5,IMDb,Homogeneous GCN
Homogeneous GCN,223,0.3318758198513336,0.6717892425905598,0.6263269028493343,6.197297811508179,0.0599956512451171,0.5,IMDb,Homogeneous GCN
Homogeneous GCN,224,0.314822912111937,0.6627461706783371,0.6086818435349096,5.873994827270508,0.0893340110778808,0.5,IMDb,Homogeneous GCN
Homogeneous GCN,225,0.3244425010931351,0.6645595712518895,0.6127188007539173,5.791894435882568,0.1087195873260498,0.5,IMDb,Homogeneous GCN
Homogeneous GCN,226,0.3244425010931351,0.6651878552613338,0.6010424236040903,5.816294431686401,0.4000506401062011,0.5,IMDb,Homogeneous GCN
Homogeneous GCN,227,0.3060778312199388,0.6549675279812077,0.5945165706726655,6.012741804122925,0.0619451999664306,0.5,IMDb,Homogeneous GCN
Homogeneous GCN,228,0.3275032794053345,0.6757485837604532,0.6275295295726163,5.707586050033569,0.0828943252563476,0.5,IMDb,Homogeneous GCN
Homogeneous GCN,229,0.2964582422387407,0.6350480011462959,0.5652313375763631,4.392031192779541,0.0490205287933349,0.5,IMDb,Homogeneous GCN
Homogeneous GCN,230,0.3352769679300291,0.6832579185520363,0.6375088536201243,8.622015237808228,0.0750315189361572,0.7,IMDb,Homogeneous GCN
Homogeneous GCN,231,0.336734693877551,0.6851768920734438,0.6343663027322279,7.101719617843628,0.0605349540710449,0.7,IMDb,Homogeneous GCN
Homogeneous GCN,232,0.3338192419825073,0.6760879318079857,0.627988512409529,7.516990184783935,0.0638644695281982,0.7,IMDb,Homogeneous GCN
Homogeneous GCN,233,0.3330903790087463,0.6798815219867852,0.6348494296920101,8.390693187713623,0.0625121593475341,0.7,IMDb,Homogeneous GCN
Homogeneous GCN,234,0.3352769679300291,0.6782449725776966,0.6300888402160143,7.845307111740112,0.0639479160308837,0.7,IMDb,Homogeneous GCN
Homogeneous GCN,235,0.3301749271137026,0.6704519645696115,0.6237772504920913,6.367789506912232,0.0488960742950439,0.7,IMDb,Homogeneous GCN
Homogeneous GCN,236,0.347667638483965,0.6665116279069767,0.612896238691113,8.414807796478271,0.0610659122467041,0.7,IMDb,Homogeneous GCN
Homogeneous GCN,237,0.2988338192419825,0.6535488404778637,0.5776888009424705,8.594062805175781,0.0488121509552001,0.7,IMDb,Homogeneous GCN
Homogeneous GCN,238,0.3316326530612244,0.6807935076645626,0.6309537590999069,8.3451988697052,0.057952880859375,0.7,IMDb,Homogeneous GCN
Homogeneous GCN,239,0.2966472303206997,0.6382678277241703,0.569072612395804,8.508542537689209,0.0565309524536132,0.7,IMDb,Homogeneous GCN
Homogeneous GCN,240,0.8158450704225352,0.8158450704225351,0.808134733069782,9.669206142425535,0.0509381294250488,0.3,DBLP,Homogeneous GCN
Homogeneous GCN,241,0.7975352112676056,0.7975352112676056,0.7906602305291531,8.853078365325928,0.0417969226837158,0.3,DBLP,Homogeneous GCN
Homogeneous GCN,242,0.8056338028169014,0.8056338028169014,0.7980819329865079,9.087012767791748,0.0400886535644531,0.3,DBLP,Homogeneous GCN
Homogeneous GCN,243,0.8049295774647888,0.8049295774647888,0.7974747957252486,9.082279682159424,0.0994312763214111,0.3,DBLP,Homogeneous GCN
Homogeneous GCN,244,0.8063380281690141,0.8063380281690141,0.7992179034791472,9.018488883972168,0.0388064384460449,0.3,DBLP,Homogeneous GCN
Homogeneous GCN,245,0.8095070422535211,0.8095070422535211,0.8016554585112764,8.922121524810791,0.0392303466796875,0.3,DBLP,Homogeneous GCN
Homogeneous GCN,246,0.805281690140845,0.805281690140845,0.7988631319868642,9.228227376937866,0.0409066677093505,0.3,DBLP,Homogeneous GCN
Homogeneous GCN,247,0.8066901408450704,0.8066901408450704,0.798207406108099,9.018200397491457,0.0439081192016601,0.3,DBLP,Homogeneous GCN
Homogeneous GCN,248,0.8084507042253521,0.8084507042253521,0.8034725849556537,9.30173921585083,0.040109634399414,0.3,DBLP,Homogeneous GCN
Homogeneous GCN,249,0.803169014084507,0.803169014084507,0.7959562578317991,8.97825312614441,0.03831148147583,0.3,DBLP,Homogeneous GCN
Homogeneous GCN,250,0.8235584031542632,0.8235584031542631,0.819044657731178,8.95688271522522,0.0469758510589599,0.5,DBLP,Homogeneous GCN
Homogeneous GCN,251,0.8097585017249876,0.8097585017249876,0.8015338342292644,9.383387565612791,0.0408120155334472,0.5,DBLP,Homogeneous GCN
Homogeneous GCN,252,0.823065549531789,0.823065549531789,0.8176771537255811,9.419483661651611,0.0837907791137695,0.5,DBLP,Homogeneous GCN
Homogeneous GCN,253,0.8176441596845737,0.8176441596845737,0.8121873163111436,9.261467695236206,0.04008150100708,0.5,DBLP,Homogeneous GCN
Homogeneous GCN,254,0.8235584031542632,0.8235584031542631,0.8183402074695747,9.273863554000854,0.0407993793487548,0.5,DBLP,Homogeneous GCN
Homogeneous GCN,255,0.8156727451946771,0.8156727451946771,0.8067252727791497,9.169740200042725,0.0466892719268798,0.5,DBLP,Homogeneous GCN
Homogeneous GCN,256,0.8206012814194185,0.8206012814194185,0.8144542567619544,9.236486196517944,0.0388970375061035,0.5,DBLP,Homogeneous GCN
Homogeneous GCN,257,0.7979300147856087,0.7979300147856087,0.7885969763916052,8.866011381149292,0.0389270782470703,0.5,DBLP,Homogeneous GCN
Homogeneous GCN,258,0.8220798422868408,0.8220798422868408,0.8156162216590024,8.907561540603638,0.0474750995635986,0.5,DBLP,Homogeneous GCN
Homogeneous GCN,259,0.8314440611138492,0.8314440611138492,0.8260906643770926,9.308521747589111,0.0831255912780761,0.5,DBLP,Homogeneous GCN
Homogeneous GCN,260,0.8333333333333334,0.8333333333333334,0.8273919531818039,9.438223361968994,0.0390839576721191,0.7,DBLP,Homogeneous GCN
Homogeneous GCN,261,0.8399014778325123,0.8399014778325123,0.8336521441142352,9.595787525177002,0.0572271347045898,0.7,DBLP,Homogeneous GCN
Homogeneous GCN,262,0.8357963875205254,0.8357963875205254,0.8325200409723096,8.92828106880188,0.0389890670776367,0.7,DBLP,Homogeneous GCN
Homogeneous GCN,263,0.8144499178981938,0.8144499178981938,0.8088949780893901,9.194733142852783,0.0472762584686279,0.7,DBLP,Homogeneous GCN
Homogeneous GCN,264,0.8226600985221675,0.8226600985221676,0.8155590295506915,9.599438428878784,0.039468765258789,0.7,DBLP,Homogeneous GCN
Homogeneous GCN,265,0.8243021346469622,0.8243021346469622,0.8172176620703733,9.577702522277832,0.0389695167541503,0.7,DBLP,Homogeneous GCN
Homogeneous GCN,266,0.8300492610837439,0.8300492610837439,0.8279108968170954,9.675602436065674,0.0910797119140625,0.7,DBLP,Homogeneous GCN
Homogeneous GCN,267,0.8300492610837439,0.8300492610837439,0.822306840632878,9.657888412475586,0.0415294170379638,0.7,DBLP,Homogeneous GCN
Homogeneous GCN,268,0.8177339901477833,0.8177339901477833,0.8120443610761121,9.49941062927246,0.0587725639343261,0.7,DBLP,Homogeneous GCN
Homogeneous GCN,269,0.8390804597701149,0.8390804597701149,0.8342927676090299,9.522695064544678,0.0396242141723632,0.7,DBLP,Homogeneous GCN
Homogeneous MGAT,270,0.9305949008498584,0.9305949008498584,0.9308709306007592,48.968371868133545,0.0580387115478515,0.3,ACM,Homogeneous MGAT
Homogeneous MGAT,271,0.9282341831916904,0.9282341831916904,0.9284408698934626,45.893853425979614,0.0775737762451171,0.3,ACM,Homogeneous MGAT
Homogeneous MGAT,272,0.9220963172804532,0.9220963172804534,0.9228329176783054,51.6913046836853,0.076470136642456,0.3,ACM,Homogeneous MGAT
Homogeneous MGAT,273,0.9305949008498584,0.9305949008498584,0.9310775330135924,39.61706018447876,0.0738155841827392,0.3,ACM,Homogeneous MGAT
Homogeneous MGAT,274,0.9324834749763928,0.9324834749763928,0.9326924531664994,51.95888996124268,0.1109464168548584,0.3,ACM,Homogeneous MGAT
Homogeneous MGAT,275,0.9301227573182248,0.9301227573182248,0.9303072011090772,52.04431915283203,1.1925387382507324,0.3,ACM,Homogeneous MGAT
Homogeneous MGAT,276,0.931067044381492,0.931067044381492,0.931071083138893,52.05476427078247,0.0616648197174072,0.3,ACM,Homogeneous MGAT
Homogeneous MGAT,277,0.9282341831916904,0.9282341831916904,0.9285989967574376,51.83483552932739,0.0694820880889892,0.3,ACM,Homogeneous MGAT
Homogeneous MGAT,278,0.9381491973559962,0.9381491973559962,0.9385754293729366,51.96503949165344,0.0992546081542968,0.3,ACM,Homogeneous MGAT
Homogeneous MGAT,279,0.928706326723324,0.928706326723324,0.9292211519877224,51.72685694694519,0.0995664596557617,0.3,ACM,Homogeneous MGAT
Homogeneous MGAT,280,0.9312623925974884,0.9312623925974884,0.9317824043801896,53.25582909584045,0.0700247287750244,0.5,ACM,Homogeneous MGAT
Homogeneous MGAT,281,0.9418374091209516,0.9418374091209516,0.942291618691844,52.11649203300476,0.057429552078247,0.5,ACM,Homogeneous MGAT
Homogeneous MGAT,282,0.923331130204891,0.923331130204891,0.9232645249757292,52.19267177581787,0.0987837314605712,0.5,ACM,Homogeneous MGAT
Homogeneous MGAT,283,0.929279576999339,0.929279576999339,0.9291101764371392,44.27036714553833,0.0723285675048828,0.5,ACM,Homogeneous MGAT
Homogeneous MGAT,284,0.93654990085922,0.93654990085922,0.937049889848212,51.93024849891663,0.0713312625885009,0.5,ACM,Homogeneous MGAT
Homogeneous MGAT,285,0.9206873760740252,0.9206873760740252,0.921330136157741,51.88122272491455,0.099017858505249,0.5,ACM,Homogeneous MGAT
Homogeneous MGAT,286,0.9226701916721743,0.9226701916721743,0.9234016363848984,53.13350033760071,0.1452043056488037,0.5,ACM,Homogeneous MGAT
Homogeneous MGAT,287,0.9239920687376074,0.9239920687376074,0.92434066605905,51.906327962875366,0.062490701675415,0.5,ACM,Homogeneous MGAT
Homogeneous MGAT,288,0.9299405155320556,0.9299405155320556,0.9300156653260316,51.84758687019348,0.1007578372955322,0.5,ACM,Homogeneous MGAT
Homogeneous MGAT,289,0.929279576999339,0.929279576999339,0.9298799923386748,51.880696296691895,1.195131540298462,0.5,ACM,Homogeneous MGAT
Homogeneous MGAT,290,0.9361233480176212,0.9361233480176212,0.9364075669522924,51.8856885433197,0.0718998908996582,0.7,ACM,Homogeneous MGAT
Homogeneous MGAT,291,0.9251101321585904,0.9251101321585904,0.925543954366896,51.9379951953888,0.0878803730010986,0.7,ACM,Homogeneous MGAT
Homogeneous MGAT,292,0.9361233480176212,0.9361233480176212,0.9368398382614372,53.29763984680176,0.1424198150634765,0.7,ACM,Homogeneous MGAT
Homogeneous MGAT,293,0.933920704845815,0.933920704845815,0.9338782008716492,51.699724197387695,0.0573337078094482,0.7,ACM,Homogeneous MGAT
Homogeneous MGAT,294,0.9129955947136564,0.9129955947136564,0.913120390671716,52.02584457397461,0.1005020141601562,0.7,ACM,Homogeneous MGAT
Homogeneous MGAT,295,0.9317180616740088,0.931718061674009,0.931863897596656,51.96620726585388,1.1782407760620115,0.7,ACM,Homogeneous MGAT
Homogeneous MGAT,296,0.9427312775330396,0.9427312775330396,0.9432232165222024,51.96849536895752,0.0573186874389648,0.7,ACM,Homogeneous MGAT
Homogeneous MGAT,297,0.9394273127753304,0.9394273127753304,0.94016426100885,51.788718700408936,0.0789597034454345,0.7,ACM,Homogeneous MGAT
Homogeneous MGAT,298,0.932819383259912,0.932819383259912,0.9329461314088956,51.81784415245056,0.0952496528625488,0.7,ACM,Homogeneous MGAT
Homogeneous MGAT,299,0.935022026431718,0.935022026431718,0.9355847918281284,53.117388010025024,0.0704801082611084,0.7,ACM,Homogeneous MGAT
Homogeneous MGAT,300,0.3263585259212992,0.6671190383869717,0.6180976132245938,17.391668796539307,0.0381255149841308,0.3,IMDb,Homogeneous MGAT
Homogeneous MGAT,301,0.2754528419737664,0.6469356680624285,0.5945430837780183,10.356098651885986,0.0378813743591308,0.3,IMDb,Homogeneous MGAT
Homogeneous MGAT,302,0.2954403497813866,0.6609329718612695,0.6262582812637628,10.29086971282959,0.0436980724334716,0.3,IMDb,Homogeneous MGAT
Homogeneous MGAT,303,0.3098063710181137,0.658814442942653,0.6098061456253985,10.58445644378662,0.0435144901275634,0.3,IMDb,Homogeneous MGAT
Homogeneous MGAT,304,0.29262960649594,0.6508783849364264,0.572408413875561,11.554408550262451,0.0453901290893554,0.3,IMDb,Homogeneous MGAT
Homogeneous MGAT,305,0.3157401623985009,0.6608695652173913,0.5954240985537151,10.761303424835203,0.0444841384887695,0.3,IMDb,Homogeneous MGAT
Homogeneous MGAT,306,0.2929419113054341,0.6597802610573762,0.6192065980844765,16.69332504272461,0.0460593700408935,0.3,IMDb,Homogeneous MGAT
Homogeneous MGAT,307,0.3060587133041849,0.658814367760148,0.5947385364059692,9.946094751358032,0.0434625148773193,0.3,IMDb,Homogeneous MGAT
Homogeneous MGAT,308,0.2976264834478451,0.6512890094979646,0.5758618297881083,10.895902156829834,0.0430994033813476,0.3,IMDb,Homogeneous MGAT
Homogeneous MGAT,309,0.3157401623985009,0.654874213836478,0.5825041494071116,10.88469171524048,0.0428724288940429,0.3,IMDb,Homogeneous MGAT
Homogeneous MGAT,310,0.324879755137735,0.6765027322404372,0.6208168925389935,10.890079975128174,0.0428426265716552,0.5,IMDb,Homogeneous MGAT
Homogeneous MGAT,311,0.3257542632269348,0.6800310398344542,0.6415834709481232,11.025861263275146,0.0445070266723632,0.5,IMDb,Homogeneous MGAT
Homogeneous MGAT,312,0.3187581985133362,0.6716180371352785,0.6262169458406149,13.275176048278809,0.0431563854217529,0.5,IMDb,Homogeneous MGAT
Homogeneous MGAT,313,0.3283777874945343,0.6751043489969032,0.625107382359339,10.633971214294434,0.0428876876831054,0.5,IMDb,Homogeneous MGAT
Homogeneous MGAT,314,0.3305640577175339,0.6772400704893587,0.6277491162380293,10.879337787628174,0.0421206951141357,0.5,IMDb,Homogeneous MGAT
Homogeneous MGAT,315,0.3183209444687363,0.669933306111338,0.6076654186402867,10.541961908340454,0.0347723960876464,0.5,IMDb,Homogeneous MGAT
Homogeneous MGAT,316,0.319632706602536,0.6557239057239057,0.6091797132267769,11.311887502670288,0.034276008605957,0.5,IMDb,Homogeneous MGAT
Homogeneous MGAT,317,0.2964582422387407,0.6560283687943261,0.590616668534391,10.835806131362917,0.0441412925720214,0.5,IMDb,Homogeneous MGAT
Homogeneous MGAT,318,0.3043288150415391,0.6647019423978566,0.5980544362266978,10.780474424362184,0.2041802406311035,0.5,IMDb,Homogeneous MGAT
Homogeneous MGAT,319,0.3240052470485351,0.6598052851182197,0.5945145938833194,12.929112911224363,0.0354187488555908,0.5,IMDb,Homogeneous MGAT
Homogeneous MGAT,320,0.347667638483965,0.6918773774893712,0.6505496052412172,11.213627338409424,0.0360047817230224,0.7,IMDb,Homogeneous MGAT
Homogeneous MGAT,321,0.3279883381924198,0.6743413770201462,0.6287022157065852,11.492236852645874,0.3008577823638916,0.7,IMDb,Homogeneous MGAT
Homogeneous MGAT,322,0.3236151603498542,0.6713812154696134,0.627255402580704,12.299418926239014,0.0660855770111084,0.7,IMDb,Homogeneous MGAT
Homogeneous MGAT,323,0.3010204081632653,0.652485549132948,0.5733879571025742,14.277289628982544,0.0388202667236328,0.7,IMDb,Homogeneous MGAT
Homogeneous MGAT,324,0.3228862973760933,0.664516129032258,0.5906967443409151,10.60876441001892,0.0390341281890869,0.7,IMDb,Homogeneous MGAT
Homogeneous MGAT,325,0.3279883381924198,0.6741674167416741,0.6277149701378144,12.73633098602295,0.0348682403564453,0.7,IMDb,Homogeneous MGAT
Homogeneous MGAT,326,0.3017492711370262,0.6511730854360336,0.6122979303649149,10.68249535560608,0.0425837039947509,0.7,IMDb,Homogeneous MGAT
Homogeneous MGAT,327,0.2798833819241982,0.6654914059056853,0.6105899060209671,9.4715576171875,0.0383579730987548,0.7,IMDb,Homogeneous MGAT
Homogeneous MGAT,328,0.3301749271137026,0.6813866195628173,0.6393708234991806,12.51468276977539,0.0350775718688964,0.7,IMDb,Homogeneous MGAT
Homogeneous MGAT,329,0.3126822157434402,0.6616712079927339,0.597812552900162,10.99958324432373,0.0348567962646484,0.7,IMDb,Homogeneous MGAT
Homogeneous MGAT,330,0.8330985915492958,0.8330985915492958,0.8251396626013129,28.94082736968994,1.1744780540466309,0.3,DBLP,Homogeneous MGAT
Homogeneous MGAT,331,0.8161971830985916,0.8161971830985916,0.8114881499499714,34.2596390247345,0.0938813686370849,0.3,DBLP,Homogeneous MGAT
Homogeneous MGAT,332,0.8274647887323944,0.8274647887323944,0.8187517108467701,19.41883683204651,0.0848498344421386,0.3,DBLP,Homogeneous MGAT
Homogeneous MGAT,333,0.829225352112676,0.829225352112676,0.8220623491142285,20.03838467597961,0.0567836761474609,0.3,DBLP,Homogeneous MGAT
Homogeneous MGAT,334,0.8306338028169014,0.8306338028169014,0.8261643312100595,21.614973068237305,0.1021640300750732,0.3,DBLP,Homogeneous MGAT
Homogeneous MGAT,335,0.8285211267605633,0.8285211267605633,0.821057126223889,18.690085411071777,0.0696461200714111,0.3,DBLP,Homogeneous MGAT
Homogeneous MGAT,336,0.8267605633802817,0.8267605633802817,0.8224466070403487,18.41285228729248,0.0579409599304199,0.3,DBLP,Homogeneous MGAT
Homogeneous MGAT,337,0.8119718309859155,0.8119718309859155,0.8043367035451725,22.224565267562863,0.0793957710266113,0.3,DBLP,Homogeneous MGAT
Homogeneous MGAT,338,0.8161971830985916,0.8161971830985916,0.8117763877239057,20.84260487556457,0.0814740657806396,0.3,DBLP,Homogeneous MGAT
Homogeneous MGAT,339,0.8274647887323944,0.8274647887323944,0.8212131836380683,18.743826389312744,0.1226003170013427,0.3,DBLP,Homogeneous MGAT
Homogeneous MGAT,340,0.8344011828486939,0.8344011828486939,0.8296587045164248,20.284855127334595,0.0537850856781005,0.5,DBLP,Homogeneous MGAT
Homogeneous MGAT,341,0.8210941350418925,0.8210941350418925,0.8146787774728312,36.10190749168396,0.0884525775909423,0.5,DBLP,Homogeneous MGAT
Homogeneous MGAT,342,0.8348940364711681,0.8348940364711681,0.8292687768996758,19.243290424346924,0.0534820556640625,0.5,DBLP,Homogeneous MGAT
Homogeneous MGAT,343,0.8339083292262198,0.8339083292262198,0.8276681866221705,21.43087100982666,0.0671114921569824,0.5,DBLP,Homogeneous MGAT
Homogeneous MGAT,344,0.8339083292262198,0.8339083292262198,0.8286319931114194,20.766589403152462,0.0929110050201416,0.5,DBLP,Homogeneous MGAT
Homogeneous MGAT,345,0.8358797437161163,0.8358797437161163,0.8286562714444561,18.782070636749268,0.0535230636596679,0.5,DBLP,Homogeneous MGAT
Homogeneous MGAT,346,0.8437654016757024,0.8437654016757024,0.8377200774133258,42.42588782310486,0.0541186332702636,0.5,DBLP,Homogeneous MGAT
Homogeneous MGAT,347,0.8201084277969443,0.8201084277969444,0.8140286217064405,19.95892119407653,1.1470394134521484,0.5,DBLP,Homogeneous MGAT
Homogeneous MGAT,348,0.8353868900936422,0.8353868900936423,0.8307150923615246,28.009875774383545,0.0921916961669921,0.5,DBLP,Homogeneous MGAT
Homogeneous MGAT,349,0.8398225726959093,0.8398225726959093,0.8341168698212388,18.30501914024353,0.0541262626647949,0.5,DBLP,Homogeneous MGAT
Homogeneous MGAT,350,0.8464696223316913,0.8464696223316913,0.8413528794897963,33.67196607589722,0.0926768779754638,0.7,DBLP,Homogeneous MGAT
Homogeneous MGAT,351,0.8390804597701149,0.8390804597701149,0.8332094089810436,34.90996265411377,0.1209967136383056,0.7,DBLP,Homogeneous MGAT
Homogeneous MGAT,352,0.8505747126436781,0.8505747126436781,0.8461696481462715,18.48613286018372,1.166135311126709,0.7,DBLP,Homogeneous MGAT
Homogeneous MGAT,353,0.8226600985221675,0.8226600985221676,0.8162103757196657,31.467262983322144,0.0943286418914794,0.7,DBLP,Homogeneous MGAT
Homogeneous MGAT,354,0.8366174055829229,0.8366174055829229,0.8305122616304794,18.641876697540283,0.0818347930908203,0.7,DBLP,Homogeneous MGAT
Homogeneous MGAT,355,0.8251231527093597,0.8251231527093597,0.8177018137846044,20.932404279708862,0.0539617538452148,0.7,DBLP,Homogeneous MGAT
Homogeneous MGAT,356,0.8292282430213465,0.8292282430213465,0.826156604839351,19.320412158966064,0.0788617134094238,0.7,DBLP,Homogeneous MGAT
Homogeneous MGAT,357,0.8464696223316913,0.8464696223316913,0.8415504353285936,20.787536144256592,0.1190969944000244,0.7,DBLP,Homogeneous MGAT
Homogeneous MGAT,358,0.819376026272578,0.8193760262725781,0.8133799798897285,27.63612151145935,0.0796253681182861,0.7,DBLP,Homogeneous MGAT
Homogeneous MGAT,359,0.8382594417077176,0.8382594417077176,0.8343611204956876,19.94576930999756,0.0579211711883544,0.7,DBLP,Homogeneous MGAT
Homogeneous Rel GCN,0,0.9183191690273843,0.9183191690273843,0.9183646660228901,17.71523427963257,0.10380768775939941,0.3,ACM,Homogeneous Rel GCN
Homogeneous Rel GCN,1,0.9169027384324835,0.9169027384324835,0.9167451253360429,13.986921787261963,0.10656499862670898,0.3,ACM,Homogeneous Rel GCN
Homogeneous Rel GCN,2,0.9192634560906515,0.9192634560906515,0.9199987398864945,17.45409393310547,0.10254597663879395,0.3,ACM,Homogeneous Rel GCN
Homogeneous Rel GCN,3,0.9117091595845137,0.9117091595845137,0.9117642731189215,16.186453342437744,0.10733604431152344,0.3,ACM,Homogeneous Rel GCN
Homogeneous Rel GCN,4,0.9164305949008499,0.9164305949008499,0.9168023736642922,14.35582160949707,0.10608291625976562,0.3,ACM,Homogeneous Rel GCN
Homogeneous Rel GCN,5,0.9135977337110481,0.9135977337110481,0.9140816086250144,18.058191299438477,0.10414910316467285,0.3,ACM,Homogeneous Rel GCN
Homogeneous Rel GCN,6,0.9112370160528801,0.9112370160528801,0.9113425004202269,18.147120475769043,0.10705876350402832,0.3,ACM,Homogeneous Rel GCN
Homogeneous Rel GCN,7,0.9150141643059491,0.9150141643059491,0.9156662792011802,18.14350199699402,0.10487008094787598,0.3,ACM,Homogeneous Rel GCN
Homogeneous Rel GCN,8,0.9093484419263456,0.9093484419263456,0.909583722064951,18.060635328292847,0.10507774353027344,0.3,ACM,Homogeneous Rel GCN
Homogeneous Rel GCN,9,0.9013220018885741,0.901322001888574,0.9019560417957107,17.837011337280273,0.10605144500732422,0.3,ACM,Homogeneous Rel GCN
Homogeneous Rel GCN,0,0.28232354778263585,0.6188671514903206,0.5326485314077234,6.8601460456848145,0.13108062744140625,0.3,IMDb,Homogeneous Rel GCN
Homogeneous Rel GCN,1,0.273579013116802,0.6224840451644575,0.5558960210727901,7.2912187576293945,0.03661823272705078,0.3,IMDb,Homogeneous Rel GCN
Homogeneous Rel GCN,2,0.2673329169269207,0.6059266700150678,0.5400702210915329,7.350599765777588,0.03917670249938965,0.3,IMDb,Homogeneous Rel GCN
Homogeneous Rel GCN,3,0.27795128044971895,0.6108710941424697,0.5400449291905263,6.938394784927368,0.03821873664855957,0.3,IMDb,Homogeneous Rel GCN
Homogeneous Rel GCN,4,0.28326046221111806,0.6165991902834008,0.5363518737441725,7.046222686767578,0.040114641189575195,0.3,IMDb,Homogeneous Rel GCN
Homogeneous Rel GCN,5,0.29512804497189254,0.6210611912990446,0.549054842790694,6.231307029724121,0.03838205337524414,0.3,IMDb,Homogeneous Rel GCN
Homogeneous Rel GCN,6,0.29356652092442226,0.6252901402765162,0.5546663182791075,7.4214513301849365,0.03808236122131348,0.3,IMDb,Homogeneous Rel GCN
Homogeneous Rel GCN,7,0.2723297938788257,0.5862068965517241,0.4949610150372818,8.691861391067505,0.038083791732788086,0.3,IMDb,Homogeneous Rel GCN
Homogeneous Rel GCN,8,0.2807620237351655,0.6073983241365215,0.5237259124210231,9.637372732162476,0.04412031173706055,0.3,IMDb,Homogeneous Rel GCN
Homogeneous Rel GCN,9,0.23891317926296066,0.5691246684350132,0.45019565692316077,10.773700475692749,0.0683436393737793,0.3,IMDb,Homogeneous Rel GCN
Homogeneous Rel GCN,0,0.7894366197183098,0.7894366197183098,0.7805297243963104,8.601646184921265,0.04877448081970215,0.3,DBLP,Homogeneous Rel GCN
Homogeneous Rel GCN,1,0.7718309859154929,0.7718309859154929,0.7653678603063666,8.538029432296753,0.047139644622802734,0.3,DBLP,Homogeneous Rel GCN
Homogeneous Rel GCN,2,0.7880281690140845,0.7880281690140846,0.781145258832996,8.485002994537354,0.04819369316101074,0.3,DBLP,Homogeneous Rel GCN
Homogeneous Rel GCN,3,0.7841549295774648,0.7841549295774647,0.7772257600732504,8.06355619430542,0.04828166961669922,0.3,DBLP,Homogeneous Rel GCN
Homogeneous Rel GCN,4,0.7950704225352113,0.7950704225352113,0.7873449071971672,7.850363492965698,0.04964160919189453,0.3,DBLP,Homogeneous Rel GCN
Homogeneous Rel GCN,5,0.7933098591549296,0.7933098591549296,0.7878649915784034,8.54738473892212,0.04288983345031738,0.3,DBLP,Homogeneous Rel GCN
Homogeneous Rel GCN,6,0.7866197183098591,0.7866197183098591,0.7807690799101314,8.491965293884277,0.04294991493225098,0.3,DBLP,Homogeneous Rel GCN
Homogeneous Rel GCN,7,0.7883802816901408,0.7883802816901408,0.7801476072778178,7.899124622344971,0.04228401184082031,0.3,DBLP,Homogeneous Rel GCN
Homogeneous Rel GCN,8,0.8024647887323944,0.8024647887323944,0.798141666722685,8.250767469406128,0.07679009437561035,0.3,DBLP,Homogeneous Rel GCN
Homogeneous Rel GCN,9,0.7778169014084507,0.7778169014084507,0.770907217230689,7.950218439102173,0.04001975059509277,0.3,DBLP,Homogeneous Rel GCN
Informed Soft Heterogeneous Attention,0,0.9258734655335222,0.9258734655335222,0.9261265094078578,55.93026375770569,2.3173117637634277,0.3,ACM,Informed Soft Heterogeneous Attention
Informed Soft Heterogeneous Attention,1,0.9324834749763928,0.9324834749763928,0.9328830520025809,44.81380343437195,2.303246259689331,0.3,ACM,Informed Soft Heterogeneous Attention
Informed Soft Heterogeneous Attention,2,0.9202077431539188,0.9202077431539188,0.9206401532739678,54.43683934211731,2.2710251808166504,0.3,ACM,Informed Soft Heterogeneous Attention
Informed Soft Heterogeneous Attention,3,0.9187913125590179,0.9187913125590179,0.9188076441337101,42.401047468185425,2.239452362060547,0.3,ACM,Informed Soft Heterogeneous Attention
Informed Soft Heterogeneous Attention,4,0.9183191690273843,0.9183191690273843,0.918341071883294,51.81507635116577,2.2186636924743652,0.3,ACM,Informed Soft Heterogeneous Attention
Informed Soft Heterogeneous Attention,5,0.9258734655335222,0.9258734655335222,0.9268680016367371,52.53213906288147,2.2688241004943848,0.3,ACM,Informed Soft Heterogeneous Attention
Informed Soft Heterogeneous Attention,6,0.9211520302171861,0.9211520302171861,0.9214997752734636,43.876951932907104,2.2604446411132812,0.3,ACM,Informed Soft Heterogeneous Attention
Informed Soft Heterogeneous Attention,7,0.9187913125590179,0.9187913125590179,0.9190941734651151,44.292051553726196,2.289665699005127,0.3,ACM,Informed Soft Heterogeneous Attention
Informed Soft Heterogeneous Attention,8,0.9291784702549575,0.9291784702549575,0.9293965671113478,37.28165125846863,2.2743818759918213,0.3,ACM,Informed Soft Heterogeneous Attention
Informed Soft Heterogeneous Attention,9,0.9287063267233239,0.9287063267233239,0.9292647374012591,36.12197208404541,2.282668113708496,0.3,ACM,Informed Soft Heterogeneous Attention
Informed Soft Heterogeneous Attention,0,0.28232354778263585,0.6643661460225209,0.603531199053484,4.647754430770874,0.5148525238037109,0.3,IMDb,Informed Soft Heterogeneous Attention
Informed Soft Heterogeneous Attention,1,0.2773266708307308,0.6616392853936619,0.6224548793446285,4.663556814193726,0.45003628730773926,0.3,IMDb,Informed Soft Heterogeneous Attention
Informed Soft Heterogeneous Attention,2,0.28513429106808247,0.6457817558560274,0.5970557922046711,5.361738681793213,0.5170166492462158,0.3,IMDb,Informed Soft Heterogeneous Attention
Informed Soft Heterogeneous Attention,3,0.31449094316052467,0.6726015721185719,0.6241415097580227,4.879019260406494,0.42160463333129883,0.3,IMDb,Informed Soft Heterogeneous Attention
Informed Soft Heterogeneous Attention,4,0.2401623985009369,0.6742943043260398,0.6527938720822899,4.186986446380615,0.4013681411743164,0.3,IMDb,Informed Soft Heterogeneous Attention
Informed Soft Heterogeneous Attention,5,0.27201748906933165,0.6453921284208491,0.5758385790378489,4.005492925643921,0.46523594856262207,0.3,IMDb,Informed Soft Heterogeneous Attention
Informed Soft Heterogeneous Attention,6,0.28044971892567144,0.6593507087334248,0.6133031056893234,5.371999025344849,0.4695720672607422,0.3,IMDb,Informed Soft Heterogeneous Attention
Informed Soft Heterogeneous Attention,7,0.3029356652092442,0.6698139405720633,0.6137150373687354,4.207355976104736,0.45274901390075684,0.3,IMDb,Informed Soft Heterogeneous Attention
Informed Soft Heterogeneous Attention,8,0.30949406620861963,0.6701896763234878,0.6182697457021455,4.7129065990448,0.48363232612609863,0.3,IMDb,Informed Soft Heterogeneous Attention
Informed Soft Heterogeneous Attention,9,0.2767020612117427,0.6236111111111111,0.5298558946492878,4.81721568107605,0.4586639404296875,0.3,IMDb,Informed Soft Heterogeneous Attention
Informed Soft Heterogeneous Attention,0,0.9225352112676056,0.9225352112676056,0.9156119637507683,110.58095669746399,3.825709342956543,0.3,DBLP,Informed Soft Heterogeneous Attention
Informed Soft Heterogeneous Attention,1,0.9183098591549296,0.9183098591549296,0.9131314488431762,168.21499228477478,3.8449649810791016,0.3,DBLP,Informed Soft Heterogeneous Attention
Informed Soft Heterogeneous Attention,2,0.9169014084507042,0.9169014084507042,0.9116764858103389,168.3526108264923,3.818359136581421,0.3,DBLP,Informed Soft Heterogeneous Attention
Informed Soft Heterogeneous Attention,3,0.9116197183098591,0.9116197183098591,0.9047836205158207,168.01660680770874,3.8678438663482666,0.3,DBLP,Informed Soft Heterogeneous Attention
Informed Soft Heterogeneous Attention,4,0.9235915492957747,0.9235915492957747,0.9196328146863887,139.6677041053772,3.8007376194000244,0.3,DBLP,Informed Soft Heterogeneous Attention
Informed Soft Heterogeneous Attention,5,0.9154929577464789,0.9154929577464789,0.911046154607325,143.19019150733948,3.8308181762695312,0.3,DBLP,Informed Soft Heterogeneous Attention
Informed Soft Heterogeneous Attention,6,0.9246478873239437,0.9246478873239437,0.9196311725286407,115.50510287284851,3.830538511276245,0.3,DBLP,Informed Soft Heterogeneous Attention
Informed Soft Heterogeneous Attention,7,0.9193661971830986,0.9193661971830986,0.9144096949091508,168.8119399547577,3.846536159515381,0.3,DBLP,Informed Soft Heterogeneous Attention
Informed Soft Heterogeneous Attention,8,0.9126760563380282,0.9126760563380282,0.9068637846168142,169.44847106933594,3.815859317779541,0.3,DBLP,Informed Soft Heterogeneous Attention
Informed Soft Heterogeneous Attention,9,0.9179577464788733,0.9179577464788733,0.9119486198833937,169.69067931175232,3.7932090759277344,0.3,DBLP,Informed Soft Heterogeneous Attention
Meta Path GAT,0,0.9164305949008499,0.9164305949008499,0.9166454805486354,2.15352463722229,0.031339168548583984,0.3,ACM,Meta Path GAT
Meta Path GAT,1,0.9159584513692163,0.9159584513692163,0.9164298090685574,5.457118988037109,0.024274349212646484,0.3,ACM,Meta Path GAT
Meta Path GAT,2,0.9079320113314447,0.9079320113314447,0.9082061946263386,5.341441631317139,0.024529457092285156,0.3,ACM,Meta Path GAT
Meta Path GAT,3,0.9145420207743153,0.9145420207743153,0.9145391223043671,1.8478047847747803,0.024478912353515625,0.3,ACM,Meta Path GAT
Meta Path GAT,4,0.9150141643059491,0.9150141643059491,0.9157940944766988,5.416692733764648,0.02443552017211914,0.3,ACM,Meta Path GAT
Meta Path GAT,5,0.9117091595845137,0.9117091595845137,0.9121139009310077,5.014751434326172,0.023844003677368164,0.3,ACM,Meta Path GAT
Meta Path GAT,6,0.9154863078375827,0.9154863078375827,0.9153608611825318,5.147104740142822,0.027013063430786133,0.3,ACM,Meta Path GAT
Meta Path GAT,7,0.9036827195467422,0.9036827195467422,0.9048193484737984,4.678110837936401,0.026080846786499023,0.3,ACM,Meta Path GAT
Meta Path GAT,8,0.9003777148253069,0.9003777148253069,0.9011016168216471,2.3252108097076416,0.026241779327392578,0.3,ACM,Meta Path GAT
Meta Path GAT,9,0.9131255901794145,0.9131255901794145,0.9131874890177474,5.008297920227051,0.027118682861328125,0.3,ACM,Meta Path GAT
Meta Path GAT,0,0.306683322923173,0.6637076211162528,0.6223961779675998,7.133337497711182,0.03202104568481445,0.3,IMDb,Meta Path GAT
Meta Path GAT,1,0.29356652092442226,0.6529986587468863,0.5859267022112286,3.3727636337280273,0.031497955322265625,0.3,IMDb,Meta Path GAT
Meta Path GAT,2,0.29512804497189254,0.6442927204538897,0.5916069304286894,4.336809873580933,0.03212571144104004,0.3,IMDb,Meta Path GAT
Meta Path GAT,3,0.2820112429731418,0.6397984886649873,0.5801783595163158,3.671396017074585,0.031880855560302734,0.3,IMDb,Meta Path GAT
Meta Path GAT,4,0.2857589006870706,0.6511365771181664,0.5981311658289421,3.2975358963012695,0.033725738525390625,0.3,IMDb,Meta Path GAT
Meta Path GAT,5,0.3079325421611493,0.6618014211638179,0.6123710569771263,5.012344598770142,0.031874895095825195,0.3,IMDb,Meta Path GAT
Meta Path GAT,6,0.2788881948782011,0.5984719864176571,0.4811271824167672,3.650214910507202,0.031700849533081055,0.3,IMDb,Meta Path GAT
Meta Path GAT,7,0.3079325421611493,0.6585297155196694,0.6148359704342402,3.1428382396698,0.03161978721618652,0.3,IMDb,Meta Path GAT
Meta Path GAT,8,0.27295440349781386,0.6284860557768923,0.5273640017125253,4.438380718231201,0.030625343322753906,0.3,IMDb,Meta Path GAT
Meta Path GAT,9,0.2929419113054341,0.628456510809452,0.5432901375595885,4.617704391479492,0.03181123733520508,0.3,IMDb,Meta Path GAT
Meta Path GAT,0,0.9320422535211268,0.9320422535211268,0.9267359326519883,14.305056095123291,1.5703530311584473,0.3,DBLP,Meta Path GAT
Meta Path GAT,1,0.9359154929577465,0.9359154929577465,0.9317839476832722,14.179038763046265,1.532663345336914,0.3,DBLP,Meta Path GAT
Meta Path GAT,2,0.9292253521126761,0.9292253521126761,0.9254230425152263,14.166876077651978,1.4926671981811523,0.3,DBLP,Meta Path GAT
Meta Path GAT,3,0.9288732394366197,0.9288732394366197,0.9234349740385421,12.887102842330933,1.535959005355835,0.3,DBLP,Meta Path GAT
Meta Path GAT,4,0.9306338028169014,0.9306338028169016,0.9263438484784888,14.174719095230103,1.5356903076171875,0.3,DBLP,Meta Path GAT
Meta Path GAT,5,0.9264084507042254,0.9264084507042254,0.9193096739885854,9.705312967300415,1.52781081199646,0.3,DBLP,Meta Path GAT
Meta Path GAT,6,0.9316901408450704,0.9316901408450704,0.9264743522637676,9.59209394454956,1.5267071723937988,0.3,DBLP,Meta Path GAT
Meta Path GAT,7,0.9341549295774648,0.9341549295774648,0.9293194753307539,11.56669306755066,1.5571935176849365,0.3,DBLP,Meta Path GAT
Meta Path GAT,8,0.9394366197183098,0.9394366197183098,0.9352644102781298,10.138794183731079,1.5149948596954346,0.3,DBLP,Meta Path GAT
Meta Path GAT,9,0.9288732394366197,0.9288732394366197,0.923652447412287,9.214375734329224,1.5374155044555664,0.3,DBLP,Meta Path GAT
Meta Path GCN,630,0.9169027384324836,0.9169027384324836,0.9171918958948588,1.8443868160247805,0.0272207260131835,0.3,ACM,Meta Path GCN
Meta Path GCN,631,0.9178470254957508,0.9178470254957508,0.918279899227596,3.616622447967529,0.0256264209747314,0.3,ACM,Meta Path GCN
Meta Path GCN,632,0.8951841359773371,0.8951841359773371,0.8966487226230031,4.59176778793335,0.0273091793060302,0.3,ACM,Meta Path GCN
Meta Path GCN,633,0.9169027384324836,0.9169027384324836,0.9171762295994478,3.779768466949463,0.0250499248504638,0.3,ACM,Meta Path GCN
Meta Path GCN,634,0.9046270066100094,0.9046270066100094,0.905426739760502,4.473911046981812,0.0347316265106201,0.3,ACM,Meta Path GCN
Meta Path GCN,635,0.9140698772426816,0.9140698772426816,0.9144376215901252,1.89277458190918,0.0260519981384277,0.3,ACM,Meta Path GCN
Meta Path GCN,636,0.9074598677998112,0.9074598677998112,0.9077857061697436,3.664534330368042,0.0329840183258056,0.3,ACM,Meta Path GCN
Meta Path GCN,637,0.9140698772426816,0.9140698772426816,0.9147387844633847,4.176436185836792,0.0259404182434082,0.3,ACM,Meta Path GCN
Meta Path GCN,638,0.9084041548630784,0.9084041548630784,0.9089944178360988,3.539161205291748,0.0378949642181396,0.3,ACM,Meta Path GCN
Meta Path GCN,639,0.918791312559018,0.918791312559018,0.918958471191231,4.419213533401489,0.0253012180328369,0.3,ACM,Meta Path GCN
Meta Path GCN,640,0.9140779907468606,0.9140779907468606,0.9150483471201136,1.9043385982513428,0.025339126586914,0.5,ACM,Meta Path GCN
Meta Path GCN,641,0.9087904824851288,0.908790482485129,0.909400950677378,4.641539812088013,0.0267581939697265,0.5,ACM,Meta Path GCN
Meta Path GCN,642,0.8896232650363516,0.8896232650363516,0.8884558475418487,3.2640609741210938,0.0265083312988281,0.5,ACM,Meta Path GCN
Meta Path GCN,643,0.913417052214144,0.913417052214144,0.9132032625255468,2.013284206390381,0.0269627571105957,0.5,ACM,Meta Path GCN
Meta Path GCN,644,0.923331130204891,0.923331130204891,0.923423902837697,4.209319591522217,0.0250895023345947,0.5,ACM,Meta Path GCN
Meta Path GCN,645,0.9120951751487112,0.9120951751487112,0.9125723492581348,3.532437562942505,0.0282454490661621,0.5,ACM,Meta Path GCN
Meta Path GCN,646,0.9140779907468606,0.9140779907468606,0.9150309301391482,4.02733325958252,0.0258803367614746,0.5,ACM,Meta Path GCN
Meta Path GCN,647,0.9094514210178454,0.9094514210178454,0.9103799795849982,4.594557762145996,0.026984691619873,0.5,ACM,Meta Path GCN
Meta Path GCN,648,0.9213483146067416,0.9213483146067416,0.9218370653330002,1.9246459007263184,0.0310339927673339,0.5,ACM,Meta Path GCN
Meta Path GCN,649,0.9153998678122934,0.9153998678122934,0.9162082671737573,4.105761528015137,0.0328786373138427,0.5,ACM,Meta Path GCN
Meta Path GCN,650,0.920704845814978,0.920704845814978,0.92097170570453,4.557139873504639,0.0254192352294921,0.7,ACM,Meta Path GCN
Meta Path GCN,651,0.9107929515418502,0.9107929515418504,0.9123182248587854,4.04697322845459,0.0254068374633789,0.7,ACM,Meta Path GCN
Meta Path GCN,652,0.9185022026431718,0.9185022026431716,0.9178810845457984,4.731377124786377,0.0270435810089111,0.7,ACM,Meta Path GCN
Meta Path GCN,653,0.9174008810572688,0.9174008810572688,0.9174152335497152,4.268075227737427,0.0277166366577148,0.7,ACM,Meta Path GCN
Meta Path GCN,654,0.9151982378854624,0.9151982378854624,0.9158157107484384,1.9453084468841555,0.0333137512207031,0.7,ACM,Meta Path GCN
Meta Path GCN,655,0.9196035242290748,0.9196035242290748,0.9196992778985256,4.5361762046813965,0.0350375175476074,0.7,ACM,Meta Path GCN
Meta Path GCN,656,0.9118942731277532,0.9118942731277532,0.9124083871033504,4.696473836898804,0.03456711769104,0.7,ACM,Meta Path GCN
Meta Path GCN,657,0.9185022026431718,0.9185022026431716,0.9190393871601924,4.320470333099365,0.0266070365905761,0.7,ACM,Meta Path GCN
Meta Path GCN,658,0.9240088105726872,0.9240088105726872,0.9247327552700128,4.562173128128052,0.0259935855865478,0.7,ACM,Meta Path GCN
Meta Path GCN,659,0.9185022026431718,0.9185022026431716,0.9187532645267203,2.853771686553955,0.0263500213623046,0.7,ACM,Meta Path GCN
Meta Path GCN,660,0.3038725796377264,0.650374458021285,0.5838323126169916,2.291992425918579,0.041147232055664,0.3,IMDb,Meta Path GCN
Meta Path GCN,661,0.2932542161149282,0.6441932969602495,0.5780583362645959,2.2388532161712646,0.0400772094726562,0.3,IMDb,Meta Path GCN
Meta Path GCN,662,0.2810743285446596,0.6464817958875684,0.6001250355167974,3.889669179916382,0.0395135879516601,0.3,IMDb,Meta Path GCN
Meta Path GCN,663,0.2963772642098688,0.6368692888359158,0.5682815374689427,2.2610347270965576,0.0397562980651855,0.3,IMDb,Meta Path GCN
Meta Path GCN,664,0.2904434728294816,0.6347388170237979,0.5652755006158626,5.512220144271851,0.039839744567871,0.3,IMDb,Meta Path GCN
Meta Path GCN,665,0.2948157401623985,0.6447187928669409,0.5706934607929931,2.724971294403076,0.0527946949005126,0.3,IMDb,Meta Path GCN
Meta Path GCN,666,0.3010618363522798,0.6518864255153636,0.5974239829882478,2.6662867069244385,0.0399417877197265,0.3,IMDb,Meta Path GCN
Meta Path GCN,667,0.2823235477826358,0.646079846079846,0.5770157299851943,2.031960964202881,0.0398774147033691,0.3,IMDb,Meta Path GCN
Meta Path GCN,668,0.2898188632104934,0.648979982760272,0.5968293179330003,2.172093152999878,0.0398900508880615,0.3,IMDb,Meta Path GCN
Meta Path GCN,669,0.2901311680199875,0.6389186035203734,0.5624963237588242,2.081583261489868,0.0399422645568847,0.3,IMDb,Meta Path GCN
Meta Path GCN,670,0.3275032794053345,0.663828618511398,0.6044303688187371,2.807125806808472,0.0395524501800537,0.5,IMDb,Meta Path GCN
Meta Path GCN,671,0.3126366418889374,0.6599427558947799,0.6017128942041291,3.719411849975586,0.039701223373413,0.5,IMDb,Meta Path GCN
Meta Path GCN,672,0.3034543069523393,0.656432549925282,0.5966939020461567,4.597066402435303,0.0398080348968505,0.5,IMDb,Meta Path GCN
Meta Path GCN,673,0.2938347179711412,0.6597138654900387,0.5972887949803874,2.4778425693511963,0.0399632453918457,0.5,IMDb,Meta Path GCN
Meta Path GCN,674,0.314822912111937,0.6660338983050849,0.6101889914257036,2.395110607147217,0.0394754409790039,0.5,IMDb,Meta Path GCN
Meta Path GCN,675,0.3021425448185396,0.6493506493506493,0.5715122511444897,2.607490062713623,0.0381684303283691,0.5,IMDb,Meta Path GCN
Meta Path GCN,676,0.3191954525579362,0.6663925438596491,0.6076801806740152,2.116211175918579,0.0397710800170898,0.5,IMDb,Meta Path GCN
Meta Path GCN,677,0.2960209881941408,0.6626251976805482,0.6067770389323132,3.2406609058380127,0.0517852306365966,0.5,IMDb,Meta Path GCN
Meta Path GCN,678,0.2920857017927415,0.6609694218186674,0.6071473552873691,2.623643159866333,0.0398640632629394,0.5,IMDb,Meta Path GCN
Meta Path GCN,679,0.2938347179711412,0.6465033529492268,0.5639928616671778,2.523725986480713,0.0398528575897216,0.5,IMDb,Meta Path GCN
Meta Path GCN,680,0.3097667638483965,0.6598126570710533,0.5986998529783758,2.817476272583008,0.0398259162902832,0.7,IMDb,Meta Path GCN
Meta Path GCN,681,0.3185131195335277,0.6692500569865513,0.5999373307784004,2.852430582046509,0.0499272346496582,0.7,IMDb,Meta Path GCN
Meta Path GCN,682,0.3228862973760933,0.6747143780987281,0.63850570326081,3.989659547805786,0.0399720668792724,0.7,IMDb,Meta Path GCN
Meta Path GCN,683,0.2893586005830904,0.6578190665781907,0.5954962866770936,2.778515100479126,0.0397522449493408,0.7,IMDb,Meta Path GCN
Meta Path GCN,684,0.3323615160349854,0.6776375112714156,0.6234228887277441,4.137089729309082,0.0399231910705566,0.7,IMDb,Meta Path GCN
Meta Path GCN,685,0.2944606413994169,0.6496000000000001,0.5873528846554528,3.704793930053711,0.0398211479187011,0.7,IMDb,Meta Path GCN
Meta Path GCN,686,0.293002915451895,0.6484903109508788,0.5881684595263439,4.50691556930542,0.0397882461547851,0.7,IMDb,Meta Path GCN
Meta Path GCN,687,0.3170553935860058,0.6616126809097175,0.6039963699834787,2.857218027114868,0.0396461486816406,0.7,IMDb,Meta Path GCN
Meta Path GCN,688,0.3243440233236151,0.6694007746639326,0.6238367640077838,3.084465980529785,0.039689302444458,0.7,IMDb,Meta Path GCN
Meta Path GCN,689,0.3112244897959184,0.6564571428571429,0.5891160836972522,3.3960888385772705,0.0398931503295898,0.7,IMDb,Meta Path GCN
Meta Path GCN,690,0.9338028169014084,0.9338028169014084,0.9278599273163778,5.818508148193359,1.481191873550415,0.3,DBLP,Meta Path GCN
Meta Path GCN,691,0.9327464788732396,0.9327464788732396,0.9277374295082886,4.753264665603638,1.5004112720489502,0.3,DBLP,Meta Path GCN
Meta Path GCN,692,0.9355633802816902,0.9355633802816902,0.9316201036048074,4.817892074584961,1.487193584442139,0.3,DBLP,Meta Path GCN
Meta Path GCN,693,0.933450704225352,0.933450704225352,0.92853857411648,3.773329257965088,1.5284667015075684,0.3,DBLP,Meta Path GCN
Meta Path GCN,694,0.9348591549295776,0.9348591549295776,0.9302279032067796,4.320904493331909,1.576777696609497,0.3,DBLP,Meta Path GCN
Meta Path GCN,695,0.929225352112676,0.929225352112676,0.9236115068723504,4.758917570114136,1.582495927810669,0.3,DBLP,Meta Path GCN
Meta Path GCN,696,0.9323943661971832,0.9323943661971832,0.9275830024494311,4.644292116165161,1.4553256034851074,0.3,DBLP,Meta Path GCN
Meta Path GCN,697,0.9257042253521128,0.9257042253521128,0.9212849787469392,5.629859447479248,1.5143301486968994,0.3,DBLP,Meta Path GCN
Meta Path GCN,698,0.9383802816901408,0.9383802816901408,0.9348947798502484,5.723488807678223,1.5127606391906738,0.3,DBLP,Meta Path GCN
Meta Path GCN,699,0.9309859154929576,0.9309859154929576,0.9257750995957952,5.65706467628479,1.475680589675903,0.3,DBLP,Meta Path GCN
Meta Path GCN,700,0.9403647116806308,0.9403647116806308,0.9360518212608446,5.758387327194214,1.4776244163513184,0.5,DBLP,Meta Path GCN
Meta Path GCN,701,0.9349433218334154,0.9349433218334154,0.930188392224728,5.919367551803589,1.4595370292663574,0.5,DBLP,Meta Path GCN
Meta Path GCN,702,0.9339576145884672,0.9339576145884672,0.9289077365979096,3.720101833343506,1.5015320777893066,0.5,DBLP,Meta Path GCN
Meta Path GCN,703,0.932971907343519,0.932971907343519,0.929211968162406,5.916274309158325,1.511491298675537,0.5,DBLP,Meta Path GCN
Meta Path GCN,704,0.9310004928536224,0.9310004928536224,0.9260205205697096,5.371816873550415,1.480940341949463,0.5,DBLP,Meta Path GCN
Meta Path GCN,705,0.9423361261705272,0.9423361261705272,0.9383607732701272,5.761420011520386,1.4687230587005615,0.5,DBLP,Meta Path GCN
Meta Path GCN,706,0.9379004435682602,0.9379004435682602,0.9338835666203368,5.71928071975708,1.5069432258605957,0.5,DBLP,Meta Path GCN
Meta Path GCN,707,0.928536224741252,0.928536224741252,0.922424277262929,3.708997964859009,1.4853839874267578,0.5,DBLP,Meta Path GCN
Meta Path GCN,708,0.9310004928536224,0.9310004928536224,0.9271980502390466,4.7288548946380615,1.455066442489624,0.5,DBLP,Meta Path GCN
Meta Path GCN,709,0.9339576145884672,0.9339576145884672,0.9290315415478592,5.303042888641357,1.523059606552124,0.5,DBLP,Meta Path GCN
Meta Path GCN,710,0.9359605911330048,0.9359605911330048,0.931555338843046,5.45807147026062,1.5735020637512207,0.7,DBLP,Meta Path GCN
Meta Path GCN,711,0.9392446633825944,0.9392446633825944,0.9349544148112,5.449846267700195,1.4727277755737305,0.7,DBLP,Meta Path GCN
Meta Path GCN,712,0.9441707717569786,0.9441707717569786,0.9396061367587778,5.650911808013916,1.545304775238037,0.7,DBLP,Meta Path GCN
Meta Path GCN,713,0.9195402298850576,0.9195402298850576,0.9131652039194458,6.133172273635864,1.4554307460784912,0.7,DBLP,Meta Path GCN
Meta Path GCN,714,0.9211822660098522,0.9211822660098522,0.915457873559482,5.089166641235352,1.4666452407836914,0.7,DBLP,Meta Path GCN
Meta Path GCN,715,0.9326765188834154,0.9326765188834154,0.9273964708395162,3.705932855606079,1.4546284675598145,0.7,DBLP,Meta Path GCN
Meta Path GCN,716,0.9392446633825944,0.9392446633825944,0.9350902691054634,5.803753852844238,1.5001990795135498,0.7,DBLP,Meta Path GCN
Meta Path GCN,717,0.9277504105090312,0.9277504105090312,0.922430266256644,5.136063814163208,1.5080225467681885,0.7,DBLP,Meta Path GCN
Meta Path GCN,718,0.9499178981937604,0.9499178981937604,0.9465740038629348,5.509788036346436,1.5014078617095947,0.7,DBLP,Meta Path GCN
Meta Path GCN,719,0.9417077175697866,0.9417077175697866,0.9365891616798072,4.706991672515869,1.4727678298950195,0.7,DBLP,Meta Path GCN
Pretrained Informed Heterogeneous Attention,720,0.9291784702549576,0.9291784702549576,0.9299393964803248,40.89627695083618,0.0985012054443359,0.3,ACM,Pretrained Informed Heterogeneous Attention
Pretrained Informed Heterogeneous Attention,721,0.9249291784702548,0.9249291784702548,0.9257466922523356,47.22304177284241,0.1662471294403076,0.3,ACM,Pretrained Informed Heterogeneous Attention
Pretrained Informed Heterogeneous Attention,722,0.9230406043437204,0.9230406043437204,0.9240460795977916,45.00163984298706,0.0866920948028564,0.3,ACM,Pretrained Informed Heterogeneous Attention
Pretrained Informed Heterogeneous Attention,723,0.9230406043437204,0.9230406043437204,0.9236346326897468,42.98550248146057,0.1334233283996582,0.3,ACM,Pretrained Informed Heterogeneous Attention
Pretrained Informed Heterogeneous Attention,724,0.9206798866855525,0.9206798866855525,0.9213379173820204,27.362563610076904,0.1356773376464843,0.3,ACM,Pretrained Informed Heterogeneous Attention
Pretrained Informed Heterogeneous Attention,725,0.9249291784702548,0.9249291784702548,0.9250938913072564,37.696861743927,0.1212282180786132,0.3,ACM,Pretrained Informed Heterogeneous Attention
Pretrained Informed Heterogeneous Attention,726,0.9202077431539188,0.9202077431539188,0.9206383404392164,74.47422575950623,0.1075317859649658,0.3,ACM,Pretrained Informed Heterogeneous Attention
Pretrained Informed Heterogeneous Attention,727,0.918791312559018,0.918791312559018,0.9200470603530396,36.12330174446106,0.1365842819213867,0.3,ACM,Pretrained Informed Heterogeneous Attention
Pretrained Informed Heterogeneous Attention,728,0.921152030217186,0.921152030217186,0.9218071456150916,38.65080094337464,0.079496145248413,0.3,ACM,Pretrained Informed Heterogeneous Attention
Pretrained Informed Heterogeneous Attention,729,0.918791312559018,0.918791312559018,0.919343645765496,35.928532123565674,0.0967910289764404,0.3,ACM,Pretrained Informed Heterogeneous Attention
Pretrained Informed Heterogeneous Attention,730,0.9266358228684732,0.9266358228684732,0.927315461237319,29.329683542251587,0.0944087505340576,0.5,ACM,Pretrained Informed Heterogeneous Attention
Pretrained Informed Heterogeneous Attention,731,0.9259748843357568,0.9259748843357568,0.9265821517059908,31.09175634384156,1.2937040328979492,0.5,ACM,Pretrained Informed Heterogeneous Attention
Pretrained Informed Heterogeneous Attention,732,0.922009253139458,0.922009253139458,0.9220643612917973,40.46925473213196,0.1149380207061767,0.5,ACM,Pretrained Informed Heterogeneous Attention
Pretrained Informed Heterogeneous Attention,733,0.9187045604758758,0.9187045604758758,0.919620988686792,33.46834659576416,0.1503281593322754,0.5,ACM,Pretrained Informed Heterogeneous Attention
Pretrained Informed Heterogeneous Attention,734,0.9312623925974884,0.9312623925974884,0.9316602555721912,32.46387958526611,0.13387131690979,0.5,ACM,Pretrained Informed Heterogeneous Attention
Pretrained Informed Heterogeneous Attention,735,0.9345670852610708,0.9345670852610708,0.9350278418517104,39.2359516620636,0.1629629135131836,0.5,ACM,Pretrained Informed Heterogeneous Attention
Pretrained Informed Heterogeneous Attention,736,0.9200264375413086,0.9200264375413086,0.920809188802614,38.21382093429565,0.0896177291870117,0.5,ACM,Pretrained Informed Heterogeneous Attention
Pretrained Informed Heterogeneous Attention,737,0.9272967614011896,0.9272967614011896,0.9279701912263022,36.50991249084473,0.1500501632690429,0.5,ACM,Pretrained Informed Heterogeneous Attention
Pretrained Informed Heterogeneous Attention,738,0.923331130204891,0.923331130204891,0.9226683913981882,32.670998334884644,0.1827893257141113,0.5,ACM,Pretrained Informed Heterogeneous Attention
Pretrained Informed Heterogeneous Attention,739,0.929279576999339,0.929279576999339,0.9298544241413298,51.3428053855896,0.1188654899597168,0.5,ACM,Pretrained Informed Heterogeneous Attention
Pretrained Informed Heterogeneous Attention,740,0.9284140969162996,0.9284140969162996,0.928556070065504,36.41265654563904,0.1411781311035156,0.7,ACM,Pretrained Informed Heterogeneous Attention
Pretrained Informed Heterogeneous Attention,741,0.920704845814978,0.920704845814978,0.9212469058549556,67.06270003318787,0.1765928268432617,0.7,ACM,Pretrained Informed Heterogeneous Attention
Pretrained Informed Heterogeneous Attention,742,0.933920704845815,0.933920704845815,0.934526483072391,33.269896507263184,1.2239115238189695,0.7,ACM,Pretrained Informed Heterogeneous Attention
Pretrained Informed Heterogeneous Attention,743,0.9284140969162996,0.9284140969162996,0.9285808009237392,32.833696365356445,0.1397840976715088,0.7,ACM,Pretrained Informed Heterogeneous Attention
Pretrained Informed Heterogeneous Attention,744,0.9262114537444934,0.9262114537444934,0.926393862134278,27.819488048553467,0.1649248600006103,0.7,ACM,Pretrained Informed Heterogeneous Attention
Pretrained Informed Heterogeneous Attention,745,0.922907488986784,0.922907488986784,0.9233126867208182,41.56769347190857,0.1341292858123779,0.7,ACM,Pretrained Informed Heterogeneous Attention
Pretrained Informed Heterogeneous Attention,746,0.9383259911894272,0.9383259911894272,0.9387323811451932,40.5603084564209,0.1764447689056396,0.7,ACM,Pretrained Informed Heterogeneous Attention
Pretrained Informed Heterogeneous Attention,747,0.935022026431718,0.935022026431718,0.935509999212791,59.96431756019592,0.1581377983093261,0.7,ACM,Pretrained Informed Heterogeneous Attention
Pretrained Informed Heterogeneous Attention,748,0.9262114537444934,0.9262114537444934,0.9273866192656413,47.67499470710754,0.1069626808166503,0.7,ACM,Pretrained Informed Heterogeneous Attention
Pretrained Informed Heterogeneous Attention,749,0.9306167400881056,0.9306167400881056,0.9312628162451372,28.004472732543945,0.1646192073822021,0.7,ACM,Pretrained Informed Heterogeneous Attention
Pretrained Informed Heterogeneous Attention,750,0.3129294191130543,0.6553979273568769,0.5784879501442612,18.252636432647705,0.0961885452270507,0.3,IMDb,Pretrained Informed Heterogeneous Attention
Pretrained Informed Heterogeneous Attention,751,0.3107432854465958,0.6436240924429901,0.56452778695424,18.48231554031372,0.0902309417724609,0.3,IMDb,Pretrained Informed Heterogeneous Attention
Pretrained Informed Heterogeneous Attention,752,0.3091817613991255,0.6424715056988602,0.573129690722576,18.18263411521912,0.0916609764099121,0.3,IMDb,Pretrained Informed Heterogeneous Attention
Pretrained Informed Heterogeneous Attention,753,0.3163647720174891,0.659084223943524,0.5992177704722164,20.062619924545288,0.1598665714263916,0.3,IMDb,Pretrained Informed Heterogeneous Attention
Pretrained Informed Heterogeneous Attention,754,0.3098063710181137,0.6577181208053691,0.5982987529228302,18.18102216720581,0.0740656852722168,0.3,IMDb,Pretrained Informed Heterogeneous Attention
Pretrained Informed Heterogeneous Attention,755,0.3091817613991255,0.6522948539638387,0.5745724225014052,18.14810490608216,0.0690400600433349,0.3,IMDb,Pretrained Informed Heterogeneous Attention
Pretrained Informed Heterogeneous Attention,756,0.3201124297314178,0.6568177280894391,0.5879980889114337,18.24521565437317,0.1237952709197998,0.3,IMDb,Pretrained Informed Heterogeneous Attention
Pretrained Informed Heterogeneous Attention,757,0.3279200499687695,0.6662166071945221,0.6170321342553199,18.444307565689087,0.0864207744598388,0.3,IMDb,Pretrained Informed Heterogeneous Attention
Pretrained Informed Heterogeneous Attention,758,0.2835727670206121,0.6317368263173683,0.5568570219776449,21.727298974990845,0.1180951595306396,0.3,IMDb,Pretrained Informed Heterogeneous Attention
Pretrained Informed Heterogeneous Attention,759,0.301686445971268,0.6363912207949833,0.547171413177234,17.750949144363403,0.0797395706176757,0.3,IMDb,Pretrained Informed Heterogeneous Attention
Pretrained Informed Heterogeneous Attention,760,0.3454306952339309,0.685798976017246,0.63630601487798,23.140264749526978,0.0977747440338134,0.5,IMDb,Pretrained Informed Heterogeneous Attention
Pretrained Informed Heterogeneous Attention,761,0.3279405334499344,0.6762162162162163,0.6142754376884108,22.619696855545044,0.0839059352874755,0.5,IMDb,Pretrained Informed Heterogeneous Attention
Pretrained Informed Heterogeneous Attention,762,0.3156974202011368,0.6632723269574791,0.6004460035470089,18.42909598350525,0.087430715560913,0.5,IMDb,Pretrained Informed Heterogeneous Attention
Pretrained Informed Heterogeneous Attention,763,0.3301268036729339,0.676687619568188,0.6206822463268875,18.263776063919067,0.0808973312377929,0.5,IMDb,Pretrained Informed Heterogeneous Attention
Pretrained Informed Heterogeneous Attention,764,0.3126366418889374,0.6645621740323909,0.6076482012239213,18.77095484733581,0.0866456031799316,0.5,IMDb,Pretrained Informed Heterogeneous Attention
Pretrained Informed Heterogeneous Attention,765,0.3156974202011368,0.6606170598911071,0.5786281505616679,18.74684476852417,0.0909090042114257,0.5,IMDb,Pretrained Informed Heterogeneous Attention
Pretrained Informed Heterogeneous Attention,766,0.3305640577175339,0.6740497675690457,0.6163688672958175,19.24203586578369,1.1784288883209229,0.5,IMDb,Pretrained Informed Heterogeneous Attention
Pretrained Informed Heterogeneous Attention,767,0.3056405771753389,0.6529628579529345,0.5650069277732969,18.343260049819943,0.0885405540466308,0.5,IMDb,Pretrained Informed Heterogeneous Attention
Pretrained Informed Heterogeneous Attention,768,0.3283777874945343,0.6616055110361311,0.5871950086190109,18.394227743148804,0.0941634178161621,0.5,IMDb,Pretrained Informed Heterogeneous Attention
Pretrained Informed Heterogeneous Attention,769,0.3226934849147355,0.6649192992136848,0.5977150000338666,18.22341108322144,0.086663007736206,0.5,IMDb,Pretrained Informed Heterogeneous Attention
Pretrained Informed Heterogeneous Attention,770,0.3061224489795918,0.6622667273554846,0.5886174991119625,22.24709939956665,0.0866456031799316,0.7,IMDb,Pretrained Informed Heterogeneous Attention
Pretrained Informed Heterogeneous Attention,771,0.3483965014577259,0.6989818503762726,0.6534710642939141,23.674890279769897,0.0847771167755127,0.7,IMDb,Pretrained Informed Heterogeneous Attention
Pretrained Informed Heterogeneous Attention,772,0.3483965014577259,0.6776598147729839,0.6282923113868774,18.79095673561096,0.090153694152832,0.7,IMDb,Pretrained Informed Heterogeneous Attention
Pretrained Informed Heterogeneous Attention,773,0.3469387755102041,0.6931311329170383,0.6414791385391885,18.923726320266724,0.1083648204803466,0.7,IMDb,Pretrained Informed Heterogeneous Attention
Pretrained Informed Heterogeneous Attention,774,0.3491253644314869,0.6880796199954761,0.6349146978442072,32.77255129814148,0.0948832035064697,0.7,IMDb,Pretrained Informed Heterogeneous Attention
Pretrained Informed Heterogeneous Attention,775,0.3513119533527696,0.6915555555555556,0.6511602432046869,21.23163151741028,0.0840702056884765,0.7,IMDb,Pretrained Informed Heterogeneous Attention
Pretrained Informed Heterogeneous Attention,776,0.3454810495626822,0.6768025800506796,0.6264316191896879,18.612006902694706,0.089928388595581,0.7,IMDb,Pretrained Informed Heterogeneous Attention
Pretrained Informed Heterogeneous Attention,777,0.3491253644314869,0.6932021466905188,0.6496454704387913,24.249383449554443,0.105741262435913,0.7,IMDb,Pretrained Informed Heterogeneous Attention
Pretrained Informed Heterogeneous Attention,778,0.3206997084548105,0.6689798750867453,0.6089181387778698,18.67904043197632,0.1003429889678955,0.7,IMDb,Pretrained Informed Heterogeneous Attention
Pretrained Informed Heterogeneous Attention,779,0.325801749271137,0.669122726226111,0.5951514435404517,20.80246353149414,0.0950515270233154,0.7,IMDb,Pretrained Informed Heterogeneous Attention
Pretrained Informed Heterogeneous Attention,780,0.9323943661971832,0.9323943661971832,0.9267704644216824,45.46831965446472,1.3968307971954346,0.3,DBLP,Pretrained Informed Heterogeneous Attention
Pretrained Informed Heterogeneous Attention,781,0.9359154929577465,0.9359154929577465,0.9315557182716316,47.75713753700256,0.1371874809265136,0.3,DBLP,Pretrained Informed Heterogeneous Attention
Pretrained Informed Heterogeneous Attention,782,0.9376760563380282,0.9376760563380282,0.9336129526962862,45.68131875991821,1.2526028156280518,0.3,DBLP,Pretrained Informed Heterogeneous Attention
Pretrained Informed Heterogeneous Attention,783,0.9359154929577465,0.9359154929577465,0.9317558205426604,64.5257043838501,0.21639084815979,0.3,DBLP,Pretrained Informed Heterogeneous Attention
Pretrained Informed Heterogeneous Attention,784,0.9355633802816902,0.9355633802816902,0.931541952518564,62.67245030403137,0.1936390399932861,0.3,DBLP,Pretrained Informed Heterogeneous Attention
Pretrained Informed Heterogeneous Attention,785,0.9348591549295776,0.9348591549295776,0.9304254308572512,54.53004336357117,0.1882977485656738,0.3,DBLP,Pretrained Informed Heterogeneous Attention
Pretrained Informed Heterogeneous Attention,786,0.9278169014084507,0.9278169014084507,0.9230318850256464,48.64921808242798,0.2020263671875,0.3,DBLP,Pretrained Informed Heterogeneous Attention
Pretrained Informed Heterogeneous Attention,787,0.9299295774647888,0.9299295774647888,0.9251283001474232,51.351890087127686,0.198664903640747,0.3,DBLP,Pretrained Informed Heterogeneous Attention
Pretrained Informed Heterogeneous Attention,788,0.941549295774648,0.941549295774648,0.9379848101818936,36.10644340515137,0.1991453170776367,0.3,DBLP,Pretrained Informed Heterogeneous Attention
Pretrained Informed Heterogeneous Attention,789,0.9359154929577465,0.9359154929577465,0.9303298839716604,48.0519015789032,0.3192877769470215,0.3,DBLP,Pretrained Informed Heterogeneous Attention
Pretrained Informed Heterogeneous Attention,790,0.9364218827008378,0.9364218827008378,0.9323241261627178,57.96918725967407,0.2031748294830322,0.5,DBLP,Pretrained Informed Heterogeneous Attention
Pretrained Informed Heterogeneous Attention,791,0.9349433218334154,0.9349433218334154,0.9304778682114724,76.4384880065918,0.1689968109130859,0.5,DBLP,Pretrained Informed Heterogeneous Attention
Pretrained Informed Heterogeneous Attention,792,0.9393790044356826,0.9393790044356826,0.9354367858480735,41.34133744239807,0.1506588459014892,0.5,DBLP,Pretrained Informed Heterogeneous Attention
Pretrained Informed Heterogeneous Attention,793,0.9349433218334154,0.9349433218334154,0.9318833866049432,44.41997814178467,0.1727170944213867,0.5,DBLP,Pretrained Informed Heterogeneous Attention
Pretrained Informed Heterogeneous Attention,794,0.9349433218334154,0.9349433218334154,0.9295541996676454,53.33427309989929,0.2063391208648681,0.5,DBLP,Pretrained Informed Heterogeneous Attention
Pretrained Informed Heterogeneous Attention,795,0.921636274026614,0.921636274026614,0.9179380227489888,47.018696546554565,0.1775593757629394,0.5,DBLP,Pretrained Informed Heterogeneous Attention
Pretrained Informed Heterogeneous Attention,796,0.9398718580581568,0.9398718580581568,0.9355014607153638,40.02565598487854,0.1449978351593017,0.5,DBLP,Pretrained Informed Heterogeneous Attention
Pretrained Informed Heterogeneous Attention,797,0.9354361754558896,0.9354361754558896,0.9297469720622238,51.35182571411133,0.2071225643157959,0.5,DBLP,Pretrained Informed Heterogeneous Attention
Pretrained Informed Heterogeneous Attention,798,0.9334647609659932,0.9334647609659932,0.9293856924226208,64.90159869194031,0.1660888195037841,0.5,DBLP,Pretrained Informed Heterogeneous Attention
Pretrained Informed Heterogeneous Attention,799,0.936914736323312,0.936914736323312,0.9329750108508046,36.25465369224548,0.1471788883209228,0.5,DBLP,Pretrained Informed Heterogeneous Attention
Pretrained Informed Heterogeneous Attention,800,0.9466338259441708,0.9466338259441708,0.9429624244831634,50.38857126235962,0.1659271717071533,0.7,DBLP,Pretrained Informed Heterogeneous Attention
Pretrained Informed Heterogeneous Attention,801,0.9417077175697866,0.9417077175697866,0.9373747268105702,47.466144323349,0.1719348430633545,0.7,DBLP,Pretrained Informed Heterogeneous Attention
Pretrained Informed Heterogeneous Attention,802,0.9408866995073892,0.9408866995073892,0.9358169366641989,37.91049098968506,0.1459887027740478,0.7,DBLP,Pretrained Informed Heterogeneous Attention
Pretrained Informed Heterogeneous Attention,803,0.9244663382594416,0.9244663382594416,0.9196823208864864,46.71692490577698,0.1403849124908447,0.7,DBLP,Pretrained Informed Heterogeneous Attention
Pretrained Informed Heterogeneous Attention,804,0.931855500821018,0.931855500821018,0.9281358115053886,45.54047727584839,0.2013249397277832,0.7,DBLP,Pretrained Informed Heterogeneous Attention
Pretrained Informed Heterogeneous Attention,805,0.9326765188834154,0.9326765188834154,0.9280282239819244,47.26048731803894,1.1844747066497805,0.7,DBLP,Pretrained Informed Heterogeneous Attention
Pretrained Informed Heterogeneous Attention,806,0.9359605911330048,0.9359605911330048,0.93186720669791,45.12259030342102,0.1679332256317138,0.7,DBLP,Pretrained Informed Heterogeneous Attention
Pretrained Informed Heterogeneous Attention,807,0.9400656814449918,0.9400656814449918,0.9359895801557604,50.45905804634094,0.1456978321075439,0.7,DBLP,Pretrained Informed Heterogeneous Attention
Pretrained Informed Heterogeneous Attention,808,0.944991789819376,0.944991789819376,0.941179401187664,44.169238567352295,0.1546905040740966,0.7,DBLP,Pretrained Informed Heterogeneous Attention
Pretrained Informed Heterogeneous Attention,809,0.9376026272577996,0.9376026272577996,0.9331345026239828,47.66782307624817,0.1672234535217285,0.7,DBLP,Pretrained Informed Heterogeneous Attention
Soft Heterogeneous Attention,0,0.9145420207743153,0.9145420207743153,0.9141273882156801,46.25994086265564,1.2781033515930176,0.3,ACM,Soft Heterogeneous Attention
Soft Heterogeneous Attention,1,0.9225684608120869,0.9225684608120869,0.9230401961717294,36.67716979980469,1.4817779064178467,0.3,ACM,Soft Heterogeneous Attention
Soft Heterogeneous Attention,2,0.9230406043437205,0.9230406043437205,0.9233633931941133,48.33118414878845,1.216275691986084,0.3,ACM,Soft Heterogeneous Attention
Soft Heterogeneous Attention,3,0.9192634560906515,0.9192634560906515,0.9200051073421598,47.558603048324585,1.1958529949188232,0.3,ACM,Soft Heterogeneous Attention
Soft Heterogeneous Attention,4,0.9102927289896129,0.9102927289896128,0.9116136773034719,35.952452182769775,1.1484127044677734,0.3,ACM,Soft Heterogeneous Attention
Soft Heterogeneous Attention,5,0.9112370160528801,0.9112370160528801,0.9114605375408716,58.57085824012756,1.0865793228149414,0.3,ACM,Soft Heterogeneous Attention
Soft Heterogeneous Attention,6,0.9235127478753541,0.9235127478753541,0.9236531507338345,52.67969250679016,1.256378173828125,0.3,ACM,Soft Heterogeneous Attention
Soft Heterogeneous Attention,7,0.9235127478753541,0.9235127478753541,0.9234979683642438,35.43059515953064,1.1508004665374756,0.3,ACM,Soft Heterogeneous Attention
Soft Heterogeneous Attention,8,0.9093484419263456,0.9093484419263456,0.9096733130053002,36.39232015609741,1.2694065570831299,0.3,ACM,Soft Heterogeneous Attention
Soft Heterogeneous Attention,9,0.9107648725212465,0.9107648725212465,0.9094816250919532,48.17544436454773,1.087460994720459,0.3,ACM,Soft Heterogeneous Attention
Soft Heterogeneous Attention,0,0.32198625858838226,0.6783824640967497,0.6265568286875347,4.21571683883667,0.11458849906921387,0.3,IMDb,Soft Heterogeneous Attention
Soft Heterogeneous Attention,1,0.31355402873204247,0.6766344725111442,0.6262963158336577,4.181605339050293,0.08890342712402344,0.3,IMDb,Soft Heterogeneous Attention
Soft Heterogeneous Attention,2,0.32292317301686446,0.6655806822537371,0.6139242802537483,4.912232398986816,0.09340500831604004,0.3,IMDb,Soft Heterogeneous Attention
Soft Heterogeneous Attention,3,0.311367895065584,0.6609267679210603,0.6005458974173379,4.807605981826782,0.07964396476745605,0.3,IMDb,Soft Heterogeneous Attention
Soft Heterogeneous Attention,4,0.3038725796377264,0.6707657909446618,0.6059360262373548,4.360756874084473,0.07049036026000977,0.3,IMDb,Soft Heterogeneous Attention
Soft Heterogeneous Attention,5,0.33322923173016866,0.6862247296661965,0.640642579454396,4.510969400405884,0.06995248794555664,0.3,IMDb,Soft Heterogeneous Attention
Soft Heterogeneous Attention,6,0.3076202373516552,0.6627906976744187,0.6094609862504585,4.737917423248291,0.09067225456237793,0.3,IMDb,Soft Heterogeneous Attention
Soft Heterogeneous Attention,7,0.3257339163023111,0.6785680551619911,0.6296853695868274,4.794690370559692,0.07109975814819336,0.3,IMDb,Soft Heterogeneous Attention
Soft Heterogeneous Attention,8,0.3363522798251093,0.6750620110665904,0.6301378074357702,5.239274740219116,0.06949663162231445,0.3,IMDb,Soft Heterogeneous Attention
Soft Heterogeneous Attention,9,0.316052467207995,0.6658330126971912,0.6067073537003431,4.558136224746704,0.08173251152038574,0.3,IMDb,Soft Heterogeneous Attention
Soft Heterogeneous Attention,0,0.9352112676056338,0.9352112676056338,0.9313124774194668,156.54636597633362,4.5827765464782715,0.3,DBLP,Soft Heterogeneous Attention
Soft Heterogeneous Attention,1,0.9338028169014084,0.9338028169014084,0.9293793157378998,171.00899362564087,4.383080720901489,0.3,DBLP,Soft Heterogeneous Attention
Soft Heterogeneous Attention,2,0.9274647887323944,0.9274647887323944,0.922081579611221,170.13567423820496,4.366483449935913,0.3,DBLP,Soft Heterogeneous Attention
Soft Heterogeneous Attention,3,0.9316901408450704,0.9316901408450704,0.9266963147646727,170.9313929080963,4.3828489780426025,0.3,DBLP,Soft Heterogeneous Attention
Soft Heterogeneous Attention,4,0.9246478873239437,0.9246478873239437,0.9200709000619356,170.6735224723816,4.3620924949646,0.3,DBLP,Soft Heterogeneous Attention
Soft Heterogeneous Attention,5,0.9193661971830986,0.9193661971830986,0.9110614043400775,170.5244107246399,4.391479730606079,0.3,DBLP,Soft Heterogeneous Attention
Soft Heterogeneous Attention,6,0.9359154929577465,0.9359154929577465,0.9311774824783288,170.58832907676697,4.382141351699829,0.3,DBLP,Soft Heterogeneous Attention
Soft Heterogeneous Attention,7,0.921830985915493,0.921830985915493,0.9174343893144333,163.14618825912476,4.3661720752716064,0.3,DBLP,Soft Heterogeneous Attention
Soft Heterogeneous Attention,8,0.9383802816901409,0.9383802816901409,0.9343380186418145,170.28947567939758,4.370958566665649,0.3,DBLP,Soft Heterogeneous Attention
Soft Heterogeneous Attention,9,0.9285211267605634,0.9285211267605634,0.9238820703123612,170.81967186927795,4.36026668548584,0.3,DBLP,Soft Heterogeneous Attention
Static Informed Heterogeneous Attention,0,0.9400377714825306,0.9400377714825306,0.9405495767358278,28.02113175392151,1.9381356239318848,0.3,ACM,Static Informed Heterogeneous Attention
Static Informed Heterogeneous Attention,1,0.9338999055712937,0.9338999055712937,0.9348157879749657,28.32058572769165,1.930365800857544,0.3,ACM,Static Informed Heterogeneous Attention
Static Informed Heterogeneous Attention,2,0.9268177525967894,0.9268177525967894,0.9277445355508752,32.19090247154236,1.891237735748291,0.3,ACM,Static Informed Heterogeneous Attention
Static Informed Heterogeneous Attention,3,0.9376770538243626,0.9376770538243626,0.9381688345919894,28.27097225189209,1.811659574508667,0.3,ACM,Static Informed Heterogeneous Attention
Static Informed Heterogeneous Attention,4,0.9367327667610954,0.9367327667610954,0.9374035396248065,34.98744821548462,1.8022289276123047,0.3,ACM,Static Informed Heterogeneous Attention
Static Informed Heterogeneous Attention,5,0.9414542020774316,0.9414542020774316,0.9419265329868431,28.583038330078125,1.7996361255645752,0.3,ACM,Static Informed Heterogeneous Attention
Static Informed Heterogeneous Attention,6,0.9348441926345609,0.9348441926345609,0.9350591790421646,26.47905397415161,1.8122754096984863,0.3,ACM,Static Informed Heterogeneous Attention
Static Informed Heterogeneous Attention,7,0.9348441926345609,0.9348441926345609,0.9355195673077484,27.523379802703857,1.8043689727783203,0.3,ACM,Static Informed Heterogeneous Attention
Static Informed Heterogeneous Attention,8,0.9362606232294618,0.9362606232294618,0.936845552558467,29.540068864822388,1.857029914855957,0.3,ACM,Static Informed Heterogeneous Attention
Static Informed Heterogeneous Attention,9,0.9277620396600567,0.9277620396600567,0.9276834249268138,31.979719400405884,1.8091425895690918,0.3,ACM,Static Informed Heterogeneous Attention
Static Informed Heterogeneous Attention,0,0.3266708307307932,0.6944545125045306,0.6591459429759372,5.555183410644531,0.36943769454956055,0.3,IMDb,Static Informed Heterogeneous Attention
Static Informed Heterogeneous Attention,1,0.3029356652092442,0.6790422383642721,0.6402558528329825,5.767112731933594,0.31951045989990234,0.3,IMDb,Static Informed Heterogeneous Attention
Static Informed Heterogeneous Attention,2,0.30855715178013743,0.6871785777620145,0.6628511656947598,5.584425687789917,0.31684041023254395,0.3,IMDb,Static Informed Heterogeneous Attention
Static Informed Heterogeneous Attention,3,0.3069956277326671,0.6948490230905862,0.6619662777389334,5.573573350906372,0.3349483013153076,0.3,IMDb,Static Informed Heterogeneous Attention
Static Informed Heterogeneous Attention,4,0.3163647720174891,0.6923008296904273,0.6619407188445444,5.543152332305908,0.3190042972564697,0.3,IMDb,Static Informed Heterogeneous Attention
Static Informed Heterogeneous Attention,5,0.3141786383510306,0.6972083035075161,0.6651096070606282,5.35721230506897,0.3177635669708252,0.3,IMDb,Static Informed Heterogeneous Attention
Static Informed Heterogeneous Attention,6,0.28044971892567144,0.686377309840997,0.6615618497965863,5.260913372039795,0.31937623023986816,0.3,IMDb,Static Informed Heterogeneous Attention
Static Informed Heterogeneous Attention,7,0.2882573391630231,0.6833709034159874,0.6578639648962201,5.333759546279907,0.336881160736084,0.3,IMDb,Static Informed Heterogeneous Attention
Static Informed Heterogeneous Attention,8,0.32760774515927543,0.683676268861454,0.653782037097104,6.752560615539551,0.31095147132873535,0.3,IMDb,Static Informed Heterogeneous Attention
Static Informed Heterogeneous Attention,9,0.2910680824484697,0.6787868193339742,0.6520244826802256,5.2260847091674805,0.3050711154937744,0.3,IMDb,Static Informed Heterogeneous Attention
Static Informed Heterogeneous Attention,0,0.9306338028169014,0.9306338028169016,0.9256665662096853,37.45618295669556,1.7484033107757568,0.3,DBLP,Static Informed Heterogeneous Attention
Static Informed Heterogeneous Attention,1,0.9387323943661972,0.9387323943661972,0.9348508637296985,29.352991104125977,1.763646125793457,0.3,DBLP,Static Informed Heterogeneous Attention
Static Informed Heterogeneous Attention,2,0.9419014084507042,0.9419014084507042,0.938224099218264,34.65395450592041,1.7486686706542969,0.3,DBLP,Static Informed Heterogeneous Attention
Static Informed Heterogeneous Attention,3,0.9366197183098591,0.9366197183098592,0.9321078553789212,29.56354022026062,1.7581419944763184,0.3,DBLP,Static Informed Heterogeneous Attention
Static Informed Heterogeneous Attention,4,0.9404929577464789,0.9404929577464789,0.937163964625104,29.261317253112793,1.8254411220550537,0.3,DBLP,Static Informed Heterogeneous Attention
Static Informed Heterogeneous Attention,5,0.9387323943661972,0.9387323943661972,0.9341019819993495,33.6083710193634,1.741128921508789,0.3,DBLP,Static Informed Heterogeneous Attention
Static Informed Heterogeneous Attention,6,0.9387323943661972,0.9387323943661972,0.9340899581333291,31.76202082633972,1.7512316703796387,0.3,DBLP,Static Informed Heterogeneous Attention
Static Informed Heterogeneous Attention,7,0.9295774647887324,0.9295774647887324,0.9241461374482658,32.89192509651184,1.8263652324676514,0.3,DBLP,Static Informed Heterogeneous Attention
Static Informed Heterogeneous Attention,8,0.9394366197183098,0.9394366197183098,0.9359768914763913,56.55222821235657,1.76316499710083,0.3,DBLP,Static Informed Heterogeneous Attention
Static Informed Heterogeneous Attention,9,0.9366197183098591,0.9366197183098592,0.9322632960928321,31.022210597991943,1.75022554397583,0.3,DBLP,Static Informed Heterogeneous Attention
tf-idf Node Features,0,0.8838526912181303,0.8838526912181303,0.8834782407967955,0.08573484420776367,0.06874585151672363,0.3,ACM,tf-idf Node Features
tf-idf Node Features,1,0.8909348441926346,0.8909348441926346,0.8909452832861192,0.15667152404785156,0.08499479293823242,0.3,ACM,tf-idf Node Features
tf-idf Node Features,2,0.8942398489140698,0.8942398489140698,0.8945847225175146,0.1332705020904541,0.07987833023071289,0.3,ACM,tf-idf Node Features
tf-idf Node Features,3,0.8852691218130312,0.8852691218130312,0.8849368699044485,0.08305549621582031,0.08812165260314941,0.3,ACM,tf-idf Node Features
tf-idf Node Features,4,0.8909348441926346,0.8909348441926346,0.8910142973240655,0.14875268936157227,0.08642196655273438,0.3,ACM,tf-idf Node Features
tf-idf Node Features,5,0.8800755429650614,0.8800755429650614,0.8799969727620502,0.08525395393371582,0.0891122817993164,0.3,ACM,tf-idf Node Features
tf-idf Node Features,6,0.8899905571293674,0.8899905571293674,0.8897207440477019,0.07446765899658203,0.09178686141967773,0.3,ACM,tf-idf Node Features
tf-idf Node Features,7,0.8881019830028328,0.8881019830028328,0.8878658406491299,0.07589101791381836,0.09177327156066895,0.3,ACM,tf-idf Node Features
tf-idf Node Features,8,0.8871576959395656,0.8871576959395656,0.8877273059907589,0.07599425315856934,0.09155750274658203,0.3,ACM,tf-idf Node Features
tf-idf Node Features,9,0.876770538243626,0.876770538243626,0.876523563798758,0.07612109184265137,0.09142255783081055,0.3,ACM,tf-idf Node Features
tf-idf Node Features,0,0.28044971892567144,0.6244352779414652,0.5807240786636783,0.4657468795776367,0.6681656837463379,0.3,IMDb,tf-idf Node Features
tf-idf Node Features,1,0.2701436602123673,0.6134920634920635,0.5644395016795412,0.45859408378601074,0.6625838279724121,0.3,IMDb,tf-idf Node Features
tf-idf Node Features,2,0.27201748906933165,0.6148228560150006,0.5689051149905735,0.4581868648529053,0.664085865020752,0.3,IMDb,tf-idf Node Features
tf-idf Node Features,3,0.2598376014990631,0.6096119755761277,0.5600683882093638,0.46433448791503906,0.6648716926574707,0.3,IMDb,tf-idf Node Features
tf-idf Node Features,4,0.2682698313554029,0.6078665077473182,0.5600974157178538,0.4625284671783447,0.6647672653198242,0.3,IMDb,tf-idf Node Features
tf-idf Node Features,5,0.2810743285446596,0.6243864127233457,0.5771937904323738,0.4581425189971924,0.6646692752838135,0.3,IMDb,tf-idf Node Features
tf-idf Node Features,6,0.28450968144909433,0.6244103773584906,0.5747298774852992,0.46532726287841797,0.6788549423217773,0.3,IMDb,tf-idf Node Features
tf-idf Node Features,7,0.2623360399750156,0.6128650355169694,0.5723429680246259,0.4698832035064697,0.6669912338256836,0.3,IMDb,tf-idf Node Features
tf-idf Node Features,8,0.2707682698313554,0.6104062161896332,0.5600026304490652,0.46488213539123535,0.6653316020965576,0.3,IMDb,tf-idf Node Features
tf-idf Node Features,9,0.26983135540287323,0.6120035478466543,0.5670738128284823,0.46874189376831055,0.6671104431152344,0.3,IMDb,tf-idf Node Features
tf-idf Node Features,0,0.7971830985915493,0.7971830985915493,0.7899805580049749,0.06021738052368164,0.02016139030456543,0.3,DBLP,tf-idf Node Features
tf-idf Node Features,1,0.7859154929577464,0.7859154929577464,0.7793047127157915,0.025003671646118164,0.01972222328186035,0.3,DBLP,tf-idf Node Features
tf-idf Node Features,2,0.7971830985915493,0.7971830985915493,0.7888193089344213,0.02529001235961914,0.019732236862182617,0.3,DBLP,tf-idf Node Features
tf-idf Node Features,3,0.796830985915493,0.796830985915493,0.790567927006379,0.024805545806884766,0.01986384391784668,0.3,DBLP,tf-idf Node Features
tf-idf Node Features,4,0.7947183098591549,0.7947183098591549,0.7879401611280409,0.024763822555541992,0.019781827926635742,0.3,DBLP,tf-idf Node Features
tf-idf Node Features,5,0.796830985915493,0.796830985915493,0.7894744249903354,0.05135464668273926,0.027096271514892578,0.3,DBLP,tf-idf Node Features
tf-idf Node Features,6,0.7922535211267606,0.7922535211267606,0.7860727188180485,0.02522134780883789,0.019870758056640625,0.3,DBLP,tf-idf Node Features
tf-idf Node Features,7,0.7926056338028169,0.7926056338028169,0.7866565746185304,0.024985790252685547,0.019872426986694336,0.3,DBLP,tf-idf Node Features
tf-idf Node Features,8,0.8038732394366197,0.8038732394366197,0.7991645371782352,0.024889230728149414,0.019924640655517578,0.3,DBLP,tf-idf Node Features
tf-idf Node Features,9,0.7894366197183098,0.7894366197183098,0.7833754672786759,0.02562689781188965,0.019949674606323242,0.3,DBLP,tf-idf Node Features
